,,,,,,,,,,,,,,,,,,,,,,,,,,,,,,,,,,,,,,,,,,,,,,,,,,,,,,,,,,,,,,,,,,,,,,,,
Theme: Economy & Prices,,,,,,,,,,,,,,,,,,,,,,,,,,,,,,,,,,,,,,,,,,,,,,,,,,,,,,,,,,,,,,,,,,,,,,,,
Subject: Prices and Price Indices,,,,,,,,,,,,,,,,,,,,,,,,,,,,,,,,,,,,,,,,,,,,,,,,,,,,,,,,,,,,,,,,,,,,,,,,
Topic: Consumer Price Index (CPI)/ Inflation Rate,,,,,,,,,,,,,,,,,,,,,,,,,,,,,,,,,,,,,,,,,,,,,,,,,,,,,,,,,,,,,,,,,,,,,,,,
"Table Title: Average Retail Prices Of Selected Consumer Items, Monthly",,,,,,,,,,,,,,,,,,,,,,,,,,,,,,,,,,,,,,,,,,,,,,,,,,,,,,,,,,,,,,,,,,,,,,,,
,,,,,,,,,,,,,,,,,,,,,,,,,,,,,,,,,,,,,,,,,,,,,,,,,,,,,,,,,,,,,,,,,,,,,,,,
Data last updated: 24/07/2023,Check next release date,,,,,,,,,,,,,,,,,,,,,,,,,,,,,,,,,,,,,,,,,,,,,,,,,,,,,,,,,,,,,,,,,,,,,,,
Source: SINGAPORE DEPARTMENT OF STATISTICS,,,,,,,,,,,,,,,,,,,,,,,,,,,,,,,,,,,,,,,,,,,,,,,,,,,,,,,,,,,,,,,,,,,,,,,,
,,,,,,,,,,,,,,,,,,,,,,,,,,,,,,,,,,,,,,,,,,,,,,,,,,,,,,,,,,,,,,,,,,,,,,,,
Data Series,Premium Thai Rice (Per 5 Kilogram) (Dollar),Ordinary White Bread (Per 400 Gram) (Dollar),Vitamin Enriched Bread (Per 400 Gram) (Dollar),Wholemeal Bread (Per 400 Gram) (Dollar),Instant Noodles (Per 5 Packets) (Dollar),"Lean Pork, Chilled (Per Kilogram) (Dollar)","Streaky Pork, Chilled (Per Kilogram) (Dollar)","Pork Rib Bones, Chilled (Per Kilogram) (Dollar)","Beef, Chilled (Per Kilogram) (Dollar)","Mutton, Chilled (Per Kilogram) (Dollar)","Whole Chicken, Chilled (Per Kilogram) (Dollar)","Chicken Wing, Chilled (Per Kilogram) (Dollar)","Duck, Chilled (Per Kilogram) (Dollar)","Lean Pork, Frozen (Per 500 Gram) (Dollar)","Pork Rib Bones, Frozen (Per 500 Gram) (Dollar)","Beef Cube, Frozen (Per 500 Gram) (Dollar)","Whole Chicken, Frozen (Each) (Dollar)","Chicken Wing, Frozen (Per 2 Kilogram) (Dollar)",Cod Fish (Per Kilogram) (Dollar),Gold Banded Scad (Kuning) (Per Kilogram) (Dollar),Flowery Grouper (Per Kilogram) (Dollar),White Pomfret (Per Kilogram) (Dollar),Salmon (Per Kilogram) (Dollar),Sea Bass (Per Kilogram) (Dollar),Sea Bream (Ang Ko Li) (Per Kilogram) (Dollar),Golden Snapper (Per Kilogram) (Dollar),Spanish Mackerel (Batang) (Per Kilogram) (Dollar),Threadfin (Kurau) (Per Kilogram) (Dollar),Small Prawns (Per Kilogram) (Dollar),Medium Prawns (Per Kilogram) (Dollar),Squids (Per Kilogram) (Dollar),Fresh Milk (Per Litre) (Dollar),Infant Milk Powder (Per 100 Gram) (Dollar),Cheese (Per 12 Slices) (Dollar),Hen Eggs (Per 10) (Dollar),Cooking Oil (Per 2 Kilogram) (Dollar),Bananas (Per Kilogram) (Dollar),Papaya (Per Kilogram) (Dollar),Watermelon (Per Kilogram) (Dollar),Grapes (Per Kilogram) (Dollar),Orange (Each) (Dollar),Apple (Each) (Dollar),Pear (Each) (Dollar),Broccoli (Per Kilogram) (Dollar),Cabbage (Per Kilogram) (Dollar),Chinese Kale (Kailan) (Per Kilogram) (Dollar),Small Mustard (Chye Sim) (Per Kilogram) (Dollar),Spinach (Bayam) (Per Kilogram) (Dollar),Tomatoes (Per Kilogram) (Dollar),Potatoes (Per Kilogram) (Dollar),Carrots (Per Kilogram) (Dollar),White Sugar (Per 2 Kilogram) (Dollar),Instant Coffee (Per 200 Gram) (Dollar),Aerated Soft Drinks (Per 4 Cans) (Dollar),Non-Aerated Soft Drinks (Per 6 Packets) (Dollar),Beer (Per 6 Cans) (Dollar),Cigarettes (Per Pack) (Dollar),Coffee/Tea Without Milk (Per Cup) (Dollar),Coffee/Tea With Milk (Per Cup) (Dollar),Fishball Noodle (Per Bowl) (Dollar),Mee Rebus (Per Bowl) (Dollar),Chicken Rice (Per Plate) (Dollar),Chicken Nasi Briyani (Per Plate) (Dollar),Economical Rice (1 Meat & 2 Vegetables) (Per Plate) (Dollar),Roti Prata (Plain) (Per Piece) (Dollar),Fried Carrot Cake (Per Plate) (Dollar),Ice Kachang (Per Bowl) (Dollar),Diesel (Per Litre) (Dollar),"Petrol, 98 Octane (Per Litre) (Dollar)","Petrol, 95 Octane (Per Litre) (Dollar)","Petrol, 92 Octane (Per Litre) (Dollar)",Liquefied Petroleum Gas (LPG) (Per Kilogram) (Dollar)
  2023 Jun,13.7,2,2,2.4,2.8,16.7,20.4,21,30.4,27,8.8,11.3,8.9,5.2,6,6.4,4.2,9.6,64.8,9.6,15.8,29.6,38.2,11.2,12.1,18.9,13.1,57.2,12.9,16.1,19.6,3.6,6.6,6.5,3.4,6.9,2.8,2.6,1.9,13.2,0.7,0.5,1.2,5.9,2.9,5.2,4.6,4.3,2.6,2.6,2,3.4,10.4,3.3,3.1,16.8,15.1,1.2,1.3,4.2,3.8,4.2,6.5,3.8,1.3,3.5,2.5,2.1,3.1,2.6,2.5,2.7
  2023 May,13.8,2,2,2.4,2.8,17.3,19.9,19.6,30.4,27,8.8,11.1,9,5.2,6.1,6.4,4.2,9.6,64.6,9.5,16.3,28.9,39.7,12,11.7,18.7,13.4,59.7,13.4,16.1,20.1,3.6,6.6,6.5,3.4,6.9,2.8,2.5,1.9,12.9,0.7,0.5,1.3,6,2.9,5.3,4.5,4.3,2.5,2.7,2.1,3.4,10.4,3.3,3.1,17,15.1,1.2,1.3,4.1,3.8,4.2,6.5,3.8,1.3,3.5,2.4,2.1,3.1,2.6,2.5,2.7
  2023 Apr,13.4,2,2.1,2.5,2.8,16.6,19.3,19.8,30.4,27.8,9.1,11.3,9,5.1,6.2,6.4,4.2,9.6,64.9,9.3,16.1,29.7,38.9,11.6,11.8,19.1,13.2,57.1,13.8,16.2,20.3,3.6,6.7,6.3,3.4,6.8,2.7,2.5,2,13.6,0.7,0.5,1.3,6.1,2.9,5.1,4.5,4.3,2.8,2.7,2.1,3.4,10.6,3.2,2.9,16.7,15.1,1.2,1.3,4.1,3.8,4.1,6.5,3.8,1.3,3.5,2.4,2.2,3.1,2.6,2.6,2.7
  2023 Mar,13.2,2,2,2.4,2.7,16.6,19.2,19.8,27.6,27.4,9.4,11.4,9,5.1,6,6.4,4,9.7,64.9,9.6,16.5,28.7,39.8,12.2,11.8,20.7,13.6,57,13.7,17,21.1,3.5,6.6,6.3,3.4,6.8,2.7,2.5,2.1,14.2,0.7,0.5,1.3,6.3,2.9,5.3,4.6,4.6,3.3,2.7,2.1,3.4,10.5,3.2,3.1,16.3,15.1,1.2,1.3,4.1,3.8,4.1,6.5,3.8,1.3,3.5,2.4,2.3,3.1,2.6,2.5,2.7
  2023 Feb,12.8,2,2,2.4,2.7,16.5,19.1,20.5,28.5,27,8.9,11.7,9.1,5.1,5.9,6.4,3.8,9.3,65.9,9.5,15.9,29.4,36.6,12.1,12.1,21.4,13.4,59.5,14.2,16.8,20.3,3.4,6.6,6.1,3.4,6.7,2.6,2.5,1.9,13.7,0.7,0.5,1.3,6.5,2.9,5.5,4.8,4.8,3.4,2.7,2.1,3.4,10.5,3.2,3.1,16.3,14.3,1.2,1.3,4,3.7,4.1,6.5,3.8,1.3,3.5,2.4,2.4,3.1,2.6,2.5,2.7
  2023 Jan,13,1.9,1.9,2.3,2.7,16.7,19.2,20.7,28.9,28.5,8.9,11.6,9.1,5.1,6.2,6.5,4.2,9.3,66.3,9.6,16.6,34.1,36.5,11.8,11.9,22.4,13.5,66.3,13.6,17.4,21.9,3.4,6.6,5.8,3.4,6.7,2.6,2.4,1.8,14.3,0.7,0.5,1.3,7,2.9,5.5,4.5,4.4,3.1,2.7,2,3.3,10.4,3.2,2.9,16.1,13.6,1.2,1.3,4,3.7,4.1,6.5,3.7,1.3,3.5,2.4,2.4,3.1,2.6,2.5,2.7
  2022 Dec,13.2,1.9,2,2.3,2.7,16.5,19,20.5,29.2,26.6,8.9,11.7,8.9,5.1,6.1,6.4,5,9.5,65.3,9.4,15.2,31.8,34.1,11.9,11.5,20.3,13.2,56.2,13.4,18.2,20.2,3.5,6.5,5.7,3.3,6.8,2.6,2.4,1.8,16,0.7,0.5,1.2,6.9,2.9,5.4,4.6,4.5,2.7,2.7,2.1,3.3,10.6,3.2,3.1,16.2,13.3,1.2,1.3,3.9,3.7,4.1,6.4,3.7,1.3,3.4,2.3,2.4,3.1,2.5,2.5,2.7
  2022 Nov,13.3,1.9,1.9,2.3,2.7,16.3,19,20,28.8,26.4,8.9,11.7,8.8,5.2,6.1,6.4,5.8,9.5,65.1,9.5,15.4,31.3,33.2,11.5,11.4,20,13.2,55.1,12.8,16.6,19.6,3.4,6.4,5.7,3.3,7,2.6,2.4,1.6,15.7,0.7,0.5,1.2,6.6,2.9,5.3,4.4,4.3,2.5,2.7,2.1,3.3,10.5,3.2,3,16.1,13.3,1.2,1.3,3.9,3.6,4.1,6.4,3.7,1.2,3.4,2.3,2.5,3.1,2.6,2.6,2.7
  2022 Oct,12.9,1.9,1.7,2.3,2.7,16.5,19.1,20.1,28.5,25.9,9.4,11.2,8.3,4.9,6.1,6.4,5.2,9.2,65.1,9.4,15.3,30.4,33,12,12,19.7,12.8,58,13,16.5,18.8,3.4,6.3,5.9,3.1,7.6,2.6,2.4,1.7,15.9,0.7,0.5,1.2,6.6,2.9,5.3,4.4,4.3,2.6,2.7,2.1,3.2,10.6,3.2,3,16.2,13.3,1.2,1.3,3.9,3.6,4,6.4,3.7,1.2,3.4,2.3,2.5,3.1,2.6,2.6,2.7
  2022 Sep,13,1.9,1.7,2.2,2.7,16.6,19.1,20.4,28.4,26.6,8.6,11.4,8.5,4.9,6.1,6.4,5.2,9.2,64.9,9.6,15.3,30.5,33.7,13.4,12.2,20.8,12.7,54.8,14.4,19.4,20.5,3.5,6.3,6,3.1,7.4,2.6,2.4,1.7,17.6,0.7,0.5,1.3,6.7,3,5.4,4.5,4.4,2.7,2.7,2,3.1,10.6,3.2,3,16,13.3,1.2,1.3,3.8,3.6,4,6.4,3.7,1.2,3.4,2.3,2.5,3.2,2.7,2.6,2.8
  2022 Aug,13.3,1.9,1.7,2.2,2.4,16.6,19,19.4,28.5,25.9,8.6,11.4,8.4,4.9,6.1,6.4,5,9.3,65.9,9.8,15,31.3,35.5,13.7,12.4,20.4,12.9,57.3,13.1,18.3,17.9,3.4,6.3,5.9,3.1,7,2.5,2.4,1.7,15.7,0.7,0.5,1.2,7.4,3,5.4,4.4,4.4,2.8,2.7,2,3.1,10.6,3.1,3,15.9,13.3,1.2,1.3,3.8,3.6,4,6.3,3.7,1.2,3.4,2.3,2.6,3.2,2.7,2.7,2.8
  2022 Jul,13.4,1.9,1.8,2.2,2.6,15.6,18.8,19.3,28.7,25.6,8.5,11.3,8.1,4.9,6.1,6.3,4.3,9.6,65.8,9.7,15.4,31.7,37.2,13.1,12.2,19.3,12.7,59.9,14.7,19.4,17.8,3.4,6.3,6,3.1,7,2.5,2.4,1.8,13.9,0.7,0.5,1.2,7.4,2.9,5.3,4.3,4.3,2.8,2.6,2.1,3.1,10.4,3.1,3,16,13.3,1.2,1.3,3.8,3.6,3.9,6.3,3.6,1.2,3.4,2.3,2.7,3.4,2.9,2.9,2.9
  2022 Jun,13.5,1.9,1.8,2.2,2.7,16.2,18.9,19.9,28.6,25,8.4,11.2,7.9,4.9,6.1,6.3,4.3,9.6,66.3,9.4,14.7,34.1,37.3,12.7,12,19.1,13,59.3,14.9,20.4,18,3.4,6.3,5.9,3.1,7,2.5,2.3,1.7,11.3,0.7,0.5,1.2,7.1,2.8,5.2,4.4,4.2,2.7,2.6,1.9,3.1,10.5,3.1,3,16.3,13.3,1.2,1.3,3.8,3.6,3.8,6.2,3.6,1.2,3.4,2.3,2.8,3.7,3.2,3.1,2.9
  2022 May,13,1.9,1.8,2.1,2.6,14.7,18.2,19.4,28.6,24.6,7.2,10.4,7.8,4.9,6.1,6.3,4.1,9.5,66.8,9.5,14.5,34.2,37.7,12,12.4,19.1,13.5,61.1,14.5,21.1,18,3.4,6.3,5.9,3.2,7,2.5,2.3,1.6,11.8,0.7,0.5,1.1,6.6,2.8,5.4,4.4,4.4,2.6,2.6,1.9,3.1,10.6,3.1,2.9,15.9,13.3,1.2,1.3,3.7,3.5,3.8,6.1,3.5,1.2,3.4,2.3,2.7,3.5,3,2.9,2.9
  2022 Apr,13.4,1.9,1.8,2.1,2.6,15.2,17.7,18.5,28.6,24.6,7.2,9.5,7.8,4.8,5.8,6.3,3.7,8.7,66.9,9.2,13.4,32.8,35.3,11.4,12.2,19.8,13,59,14.2,18.5,18.3,3.4,6.3,6.2,3.1,7.3,2.5,2.3,1.5,12.3,0.7,0.5,1.1,6.7,2.7,5.3,4.4,4.2,2.7,2.6,2,3.1,10.5,3.1,2.8,15.9,13.3,1.1,1.3,3.7,3.5,3.7,6.1,3.5,1.2,3.4,2.3,2.5,3.4,2.8,2.8,2.9
  2022 Mar,12.9,1.8,1.8,2.2,2.6,15.7,18.1,18.4,28.6,24.6,6.6,8.8,7.4,4.8,6.1,6.4,3.2,8.8,66.3,9.2,13.7,32.8,33.1,11.3,11.9,19.5,13.6,59.1,13.6,18.7,19.1,3.4,6.2,5.7,2.9,6.8,2.5,2.4,1.5,12.3,0.6,0.5,1.1,7,2.8,5.4,4.4,4.2,2.9,2.7,2,3.1,10.4,3,2.8,15.6,13.3,1.1,1.2,3.7,3.4,3.7,6.1,3.4,1.2,3.3,2.2,2.5,3.4,2.8,2.8,3
  2022 Feb,12.9,1.8,1.7,2.1,2.4,15.8,18.1,18.2,28.6,24.6,6.6,8.8,7.3,4.8,6.1,6.3,3.2,8.8,65.9,9.6,13.8,33.9,31.4,11.7,12.3,19.6,13.5,57.9,13.5,19.1,18.8,3.4,6.2,5.7,2.7,6.8,2.4,2.3,1.6,12.4,0.6,0.5,1.2,6.9,2.9,5.3,4.3,4.1,3.2,2.7,2.1,3.1,10.2,3,2.7,15.4,13.1,1.1,1.2,3.6,3.4,3.6,6,3.4,1.1,3.3,2.2,2.1,3.1,2.6,2.6,2.9
  2022 Jan,13,1.8,1.7,2.1,2.4,15.7,18,18.1,28.6,24.6,6.5,8.8,7.2,4.8,6.1,6.3,3.2,8.8,68.2,9.6,15.3,36.6,31.4,11.9,12.6,22.4,14.7,64.1,15.8,21.6,20,3.4,6.2,5.8,2.7,6.8,2.5,2.3,1.6,12.5,0.6,0.5,1.3,7.1,2.9,5.4,4.4,4.2,3.3,2.7,2.1,3.1,10.2,3,2.7,15.1,13.1,1.1,1.2,3.6,3.4,3.6,6,3.4,1.1,3.2,2.2,2,3,2.5,2.5,2.9
  2021 Dec,13,1.8,1.7,2.1,2.5,15.5,18,18.1,28.7,25.2,6.4,8.7,7.2,4.8,6.1,6.3,3,8.8,66.4,9.5,14,30,29.9,11.5,12.4,18.5,13.8,58.1,14.5,18.4,18.9,3.4,6.2,5.8,2.6,6.9,2.4,2.5,1.5,14.5,0.6,0.5,1.2,7.2,2.8,5.5,4.4,4.2,2.9,2.6,2.1,3.1,10.2,3,2.7,15.3,13.1,1.1,1.2,3.6,3.4,3.6,6,3.4,1.1,3.2,2.2,1.9,2.9,2.4,2.4,2.9
  2021 Nov,13.3,1.8,1.7,2.1,2.4,15.6,17.7,17.5,29.1,24.5,6.4,8.3,7.1,4.8,6.1,6.3,3,8.8,65.6,9.5,13.3,28.7,30.3,11.5,11.9,18,13.6,59.5,13.8,18.2,18.1,3.4,6.2,5.8,2.6,6.9,2.4,2.6,1.5,14.5,0.6,0.5,1.3,6.7,2.9,5.4,4.6,4.5,2.8,2.6,2,3.1,10.2,3,2.7,15.6,13.1,1.1,1.2,3.6,3.3,3.6,5.9,3.4,1.1,3.2,2.2,2,3,2.5,2.4,2.9
  2021 Oct,13.6,1.8,1.7,2.1,2.4,15.8,18,18.5,29.1,22.2,6.3,8.3,7.1,4.8,6.1,6.3,3,8.8,62.8,9.7,13.1,27.7,28.7,12,12.1,18.3,14.1,56.7,14.3,18,18.1,3.4,6.2,5.9,2.5,6.8,2.4,2.4,1.4,15.7,0.6,0.5,1.4,5.9,2.7,5.3,4.5,4.3,2.8,2.6,2,3.1,10.2,3,2.7,15.5,13.1,1.1,1.2,3.6,3.3,3.6,5.8,3.4,1.1,3.2,2.2,1.9,2.9,2.4,2.4,2.9
  2021 Sep,13.1,1.7,1.6,2.1,2.4,15.2,18,18.1,29.1,22.2,6.4,8.3,7,4.8,6.1,6.3,3,9,62.8,9.4,13.5,28.5,28.5,11.8,11.8,18.3,14.1,55.9,14.3,18,17.8,3.4,6.2,5.9,2.5,7,2.4,2.4,1.3,15.7,0.6,0.5,1.4,5.9,2.7,5.3,4.5,4.3,3,2.6,2,3.1,10.2,3,2.7,15.4,13.1,1.1,1.2,3.6,3.3,3.6,5.8,3.4,1.1,3.2,2.2,1.9,2.9,2.4,2.3,2.9
  2021 Aug,13.1,1.7,1.6,2.1,2.2,15,17.3,17.8,28.7,23.3,6.3,8.3,7.1,4.8,6.1,6.3,3,8.8,61,9.3,13,30.7,28.5,12.3,11.2,18.5,13.6,58,14,18.1,17.8,3.4,6.2,5.8,2.5,6.9,2.4,2.4,1.7,15,0.6,0.5,1.4,5.9,2.7,5.2,4.2,3.7,3,2.7,2,3.1,10.2,3,2.7,15.5,13.1,1.1,1.2,3.5,3.3,3.6,5.8,3.4,1.1,3.2,2.2,1.9,2.9,2.4,2.3,2.9
  2021 Jul,13.3,1.7,1.6,2.1,2.3,15.5,17.1,18.6,28.6,23.3,6.3,8.2,7.1,4.9,6.1,6.3,3.5,8.8,60.7,8.9,13.1,29.3,29.4,11.6,11.4,19.1,13.1,57.5,13.9,17.8,17.6,3.4,6.2,6,2.5,7,2.5,2.4,1.8,11.4,0.6,0.5,1.2,6,2.7,5.2,4.2,3.7,3.1,2.7,2,3.1,10.1,3,2.7,15.4,13.1,1.1,1.2,3.5,3.3,3.6,5.8,3.4,1.1,3.1,2.2,1.9,2.9,2.4,2.3,2.9
  2021 Jun,13.5,1.7,1.6,2.1,2.4,15.8,17.2,17.7,29,21.3,6.3,8.1,7.1,4.8,6.1,6.4,3.5,8.7,61.7,8.7,12.6,29.4,29.5,11.1,11.1,17.4,12.7,59.2,14.6,18.3,17.6,3.4,6.2,5.8,2.5,6.2,2.5,2.4,1.6,11.1,0.6,0.4,1.2,6.4,2.7,5.2,4.2,3.8,2.8,2.6,2,3.1,10.1,2.9,2.6,15.5,13.1,1.1,1.2,3.6,3.3,3.5,5.8,3.4,1.1,3.1,2.2,1.8,2.8,2.3,2.3,2.9
  2021 May,13.5,1.7,1.7,2.1,2.4,15.2,17.2,18.3,29,21.3,6.3,8.2,7.1,4.8,6.1,6.4,3.4,8.5,62.4,8.9,12.8,29,29.6,11.9,11.2,19.2,13.2,59.3,15.5,20.7,17.5,3.4,6.2,6,2.5,6.2,2.5,2.3,1.5,11.4,0.6,0.5,1.2,6.1,2.6,5.2,4.1,3.8,2.5,2.7,2,3.1,10.2,2.9,2.7,15.5,13.1,1.1,1.2,3.5,3.3,3.5,5.8,3.4,1.1,3.1,2.2,1.8,2.8,2.3,2.2,2.9
  2021 Apr,13.6,1.7,1.7,2.1,2.4,15.2,17.1,18.4,29,21.3,6.3,8.2,7.1,4.8,6.1,6.4,3.5,9.1,62.5,8.4,13,26.3,29.7,11.5,10.8,19.1,13.2,56.8,15.3,19.7,17.5,3.4,6.2,5.9,2.4,6,2.4,2.2,1.5,11.2,0.6,0.5,1.2,5.9,2.6,5.3,4.2,3.8,2.6,2.7,2,3,10.2,2.9,2.7,15.4,13.1,1.1,1.2,3.5,3.3,3.5,5.8,3.4,1.1,3.1,2.2,1.7,2.7,2.2,2.2,2.9
  2021 Mar,13.6,1.7,1.6,2,2.4,14.7,16.8,18.1,28.8,20.5,6.4,8.3,7.1,4.8,6.1,6.3,3.4,9.2,64.4,8.3,13.5,27.1,29.9,11.3,10.6,20.2,13,58.3,14.9,19.1,17.9,3.4,6.2,5.9,2.4,5.9,2.5,2.2,1.5,11.1,0.6,0.4,1.2,6.5,2.8,5.2,3.7,3.4,3.2,2.6,2,3,10.2,2.9,2.6,15.5,13.1,1.1,1.2,3.6,3.3,3.5,5.7,3.4,1.1,3.1,2.1,1.7,2.7,2.2,2.2,2.9
  2021 Feb,13.5,1.7,1.6,2,2.4,14.8,16.8,17.6,28.8,20.5,6.4,8.3,7.1,4.8,6.1,6.4,3.4,9.2,65.5,8.4,14.5,33,29.9,11.9,10.4,22,13.7,62.3,15.8,22,18.9,3.4,6.2,5.6,2.5,5.8,2.5,2.2,1.6,11.6,0.6,0.4,1.2,6.8,2.8,5.1,3.9,3.5,3.2,2.6,2,3,10.2,2.9,2.5,15.2,13.1,1.1,1.2,3.6,3.3,3.5,5.7,3.4,1.1,3.1,2.1,1.7,2.6,2.1,2.1,2.9
  2021 Jan,13.4,1.7,1.6,2.1,2.3,15.3,16.7,17.6,27.3,20.5,6.4,8.3,7.1,4.8,6.1,6.4,3.4,9.2,65.8,8.3,13.9,31,29.7,11.6,10.2,20.7,13.8,59.4,15.5,20.5,17.8,3.4,6.2,5.6,2.4,5.7,2.5,2.2,1.6,11.5,0.6,0.4,1.2,5.8,2.5,5.3,4.3,4,3,2.5,2,3,10.2,2.9,2.6,15.3,13.1,1.1,1.2,3.5,3.3,3.5,5.7,3.4,1.1,3.1,2.1,1.6,2.4,2,1.9,2.9
  2020 Dec,13.5,1.7,1.6,2.1,2.4,15.3,16.6,17.8,26,21.9,6.4,8.3,7.1,4.8,6.1,6.4,3.6,9.2,65.9,8.1,13,29.3,29.5,11.6,9.9,18.9,13.4,59.2,15.3,19,17.9,3.4,6.2,5.6,2.4,6,2.5,2.1,1.3,11.6,0.6,0.4,1.2,5.6,2.5,5.2,4.1,3.7,2.7,2.5,2,3,10.2,2.9,2.6,15.6,13.1,1.1,1.2,3.5,3.3,3.5,5.7,3.4,1.1,3.1,2.1,1.6,2.4,1.9,1.9,2.8
  2020 Nov,13.6,1.7,1.6,2.1,2.3,14.9,16.6,17.7,24.4,21.9,6.4,8.3,7.2,4.8,6.1,6.4,3.6,9.2,64.7,8,13.8,28.5,30.1,11.4,9.6,19,13.4,58.2,15.3,19.5,17.8,3.4,6.2,5.5,2.4,6,2.5,2.4,1.4,12.2,0.6,0.4,1.2,5.8,2.4,5.2,4.1,3.7,2.7,2.5,2,3,10.2,2.9,2.6,15.5,13.1,1.1,1.2,3.5,3.3,3.5,5.7,3.4,1.1,3.1,2.1,1.5,2.3,1.9,1.9,2.8
  2020 Oct,13.6,1.7,1.6,2.1,2.3,15.5,16.7,17.2,25.7,21.9,6.4,8.2,7.2,5.1,6.1,6.4,4,9.2,65.8,7.8,13.3,31.2,30.2,11.8,9.8,17.6,13.6,59,15.7,19.5,17.9,3.4,6.2,5.7,2.4,6,2.5,2.3,1.6,12.5,0.6,0.4,1.2,5.6,2.4,5.3,4,3.6,2.6,2.5,2,3,10.2,2.9,2.7,15.7,13.1,1.1,1.2,3.5,3.3,3.5,5.7,3.4,1.1,3.1,2.1,1.5,2.3,1.9,1.9,2.8
  2020 Sep,13.8,1.7,1.7,2,2.3,15.7,17.6,19.2,24.9,21.9,6.3,8.2,7.1,5.1,6.1,6.4,4,9.3,65.6,8.3,13.1,30.3,30.1,11.4,9.8,18.4,13.5,60,15.8,21,18,3.4,6.2,5.8,2.4,6,2.5,2.3,1.7,11.6,0.6,0.4,1.2,5.5,2.3,5.2,4,3.8,2.7,2.4,2,3,10.2,2.9,2.6,15.2,13.1,1.1,1.2,3.5,3.3,3.5,5.6,3.4,1.1,3.1,2.1,1.5,2.3,1.9,1.9,2.8
  2020 Aug,13.9,1.7,1.7,2,2.2,15.8,17.8,19.5,24.9,21.9,6.3,8.4,7.1,5.1,6.1,6.3,4,9.5,65,8.5,13.1,29,29.2,11.4,10.3,19.1,13.3,62,14.6,21.2,18.2,3.4,6.2,5.6,2.4,6,2.4,2.2,1.6,10.4,0.6,0.4,1.3,5.7,2.3,5.1,4,3.6,3.1,2.4,2,3,10.2,3,2.6,15.6,13.1,1.1,1.2,3.5,3.3,3.5,5.6,3.4,1.1,3.1,2.1,1.5,2.3,1.9,1.8,2.8
  2020 Jul,13.9,1.7,1.7,2.1,2.3,15.3,17.4,19,24.9,22.3,6.3,8.4,7.3,5.1,6.1,6.3,4.1,9.6,65.5,8.1,13,29.3,29.8,11.8,9.6,19.5,12.9,59.9,14.5,20.1,17.6,3.4,6.2,5.7,2.4,6,2.4,2.2,1.8,10.9,0.6,0.4,1.3,5.7,2.3,5.2,4.2,3.6,3.2,2.4,2.1,3,10.2,2.9,2.7,15.8,13.1,1.1,1.2,3.5,3.3,3.5,5.7,3.4,1.1,3.1,2.1,1.5,2.3,1.9,1.8,2.8
  2020 Jun,14,1.7,1.7,2.1,2.4,15.8,17.7,19.3,24.5,22.6,6.3,8.4,7.3,5.1,6.1,6.3,4,9.6,65.8,8,15.3,28.9,30.2,11.4,10,18.5,11.5,57.7,14.7,19.1,17.4,3.4,6.2,6.2,2.4,7.2,2.4,2.4,1.8,11.4,0.6,0.4,1.3,5.7,2.2,5.2,4.1,3.5,2.7,2.4,2,3.1,10.2,3,2.7,15.4,13.1,1.1,1.2,3.5,3.3,3.5,5.7,3.4,1.1,3.1,2.1,1.5,2.3,1.9,1.8,2.8
  2020 May,14.1,1.7,1.7,2.1,2.4,16,17.8,19.2,24.5,21.9,6.3,8.7,7.3,5.1,6.1,6.3,4,9.8,63.8,8.1,13.3,28.9,29.9,11.2,10.1,18.5,11.5,58.3,14.7,18.9,17.2,3.4,6.2,6.2,2.4,7.1,2.3,2.4,1.4,11.4,0.6,0.4,1.3,5.5,2.2,5.2,4,3.5,2.7,2.4,2,3.1,10.2,2.9,2.7,15.9,13.1,1.1,1.2,3.5,3.3,3.5,5.7,3.4,1.1,3.1,2.1,1.5,2.3,1.9,1.8,2.8
  2020 Apr,14.1,1.7,1.6,2.1,2.4,15.7,17.2,19.3,25.7,21.9,6.3,8.7,7.2,5.1,6.1,6.3,4,9.7,66.8,8.3,13.3,28.8,29.7,12.1,10.1,19.3,13.4,62.4,14.7,18.8,17.2,3.4,6.2,5.6,2.5,6.9,2.4,2.1,1.3,10.4,0.6,0.4,1.3,6,2.4,5.2,3.9,3.4,2.4,2.4,2.1,3.2,10.2,2.9,2.6,15.7,13.1,1.1,1.2,3.5,3.3,3.5,5.6,3.4,1.1,3.1,2.1,1.5,2.4,2,1.9,2.8
  2020 Mar,13.7,1.7,1.6,2.1,2.3,15,16.8,19.1,25.7,21.9,6.4,8.5,7,4.9,5.5,6.3,4,9.6,65.7,8.4,13.4,28.8,29.8,11.6,9.9,18.4,12.8,62.4,15,19.4,17.2,3.2,6.2,5.6,2.4,5.9,2.4,2.1,1.6,10.6,0.6,0.4,1.3,5.6,2.4,5.2,3.8,3.4,2.3,2.3,2,3.2,10.2,2.9,2.6,15.6,13.1,1.1,1.2,3.5,3.3,3.5,5.6,3.4,1.1,3.1,2.1,1.6,2.4,2,2,2.8
  2020 Feb,13.8,1.7,1.6,2.1,2.3,14.5,17.1,17.4,25.6,21.9,6.4,8.5,7.1,4.5,5.3,6.3,3.8,9.1,66,8.5,14.6,32.7,29.8,12.1,9.9,17.6,12.7,60.7,15.5,20.7,17.6,3.3,6.2,5.9,2.3,6,2.4,2.1,1.8,10.6,0.6,0.4,1.3,5.9,2.3,5.3,3.9,3.5,2.4,2.3,2,3.1,10.1,2.9,2.3,15.6,13.1,1.1,1.2,3.5,3.3,3.5,5.6,3.4,1.1,3.1,2.1,1.7,2.5,2.1,2.1,2.8
  2020 Jan,13.1,1.7,1.6,2.1,2.2,14.5,17.1,17.4,25.6,21.9,6.3,8.5,7.1,4.4,5.1,6.3,3.9,9.1,67,8.5,16,36.1,30,12.7,10.2,20.7,13.7,64,17.6,24.3,18.7,3.2,6.2,5.9,2.4,5.7,2.4,2,1.8,10.6,0.6,0.4,1.3,5.9,2.3,5.1,3.9,3.5,2.3,2.3,2,3.1,10.2,2.7,2,15.9,13.1,1.1,1.2,3.5,3.3,3.4,5.6,3.4,1.1,3.1,2.1,1.8,2.6,2.2,2.2,2.7
  2019 Dec,13.6,1.7,1.7,2.1,2.3,14.3,16,17.8,25.6,19.9,6.4,8.4,7.1,4.3,5,6.3,3.5,9.4,66.2,8.3,14.8,29.4,30,11.4,10,19.1,12.9,58.9,15.1,19.9,17.3,3.2,6.1,5.9,2.4,5.9,2.4,2,1.7,10.8,0.6,0.4,1.3,6.2,2.3,5.1,3.9,3.7,2.1,2.3,2,3.1,10.2,2.7,2.4,16.2,13.1,1.1,1.2,3.5,3.3,3.4,5.6,3.4,1.1,3.1,2.1,1.8,2.6,2.2,2.2,2.7
  2019 Nov,13.7,1.7,1.6,2,2.3,13.8,15.5,17.1,25.4,19.9,6.4,8.4,7.1,4.3,3.7,6.1,4.1,9.2,65.7,8.1,13.6,28.3,29.9,11.5,9.9,18.4,12.4,58,14.7,19.2,16.5,3.2,6.2,5.7,2.4,5.7,2.4,2,1.6,10.8,0.6,0.4,1.3,5.9,2.3,5,3.9,3.6,2.1,2.3,2,3.1,10.2,2.7,2.5,16.1,13.1,1.1,1.2,3.5,3.3,3.4,5.6,3.4,1.1,3.1,2.1,1.7,2.6,2.2,2.1,2.7
  2019 Oct,13.6,1.7,1.6,2,2.2,13.9,15.7,16.9,25.3,19.9,6.3,8.4,7.1,4.3,4.9,6,3.6,9.1,66.5,8.4,14.8,28.4,30,11.9,9.9,18.3,13.1,58.2,15.2,20.1,16.9,3.2,6.2,6,2.4,5.7,2.4,2.4,1.6,11.1,0.6,0.4,1.4,5.4,2.3,5.1,3.8,3.6,2.1,2.3,2.1,3.1,10.3,2.9,2.5,16.2,13.1,1.1,1.2,3.5,3.3,3.4,5.6,3.4,1.1,3.1,2,1.7,2.5,2.1,2.1,2.7
  2019 Sep,13.7,1.7,1.6,2,2.3,13.8,15.6,16.7,24.8,19.9,6.4,8.4,7.1,4.3,4.8,6.2,3.7,9.2,66.1,8.1,14.8,29.1,30.2,12,9.9,18.1,12.6,58,15,19.8,16.6,3.2,6.2,5.8,2.4,5.9,2.4,2.3,1.7,10.6,0.6,0.4,1.3,5.2,2.3,5,3.7,3.3,2.2,2.2,2.1,3.1,10.3,2.8,2.5,16.2,13.1,1.1,1.2,3.5,3.3,3.4,5.6,3.3,1.1,3.1,2,1.7,2.5,2.1,2.1,2.7
  2019 Aug,13.3,1.7,1.6,2.1,2.2,14,15.6,16.6,24.7,19.9,6.4,8.4,7.1,4.4,3.9,6.2,3.3,9.7,66.3,8.9,14.6,28.9,30,11.7,9.9,18.3,13.1,62.2,15,19,17.3,3.2,6.2,5.9,2.4,5.7,2.4,2.2,1.7,10.5,0.6,0.4,1.2,5.3,2.4,5.1,3.8,3.3,2.2,2.2,2.1,3,10.2,2.8,2.5,16.2,13.1,1.1,1.2,3.5,3.3,3.4,5.6,3.3,1.1,3.1,2,1.7,2.5,2.1,2.1,2.7
  2019 Jul,13.2,1.7,1.6,2,2.2,13.9,15.6,16.9,24.7,19.9,6.3,8.4,7.1,4.4,4.6,6.2,3.1,9.6,66.1,8.3,15,29.7,29.9,12.2,9.9,18.9,13,60.9,14.8,18.9,17.1,3.2,6.2,6.1,2.4,5.7,2.4,2.2,1.6,9.7,0.5,0.4,1.2,5.2,2.3,5.1,3.9,3.5,2.2,2.2,2.1,3,10.2,2.8,2.6,16,13.1,1.1,1.2,3.5,3.3,3.4,5.6,3.3,1.1,3.1,2,1.7,2.5,2.1,2.1,2.7
  2019 Jun,13.7,1.7,1.6,2,2.2,14,15.7,16.6,24.7,19.9,6.4,8.4,7,4.4,4.8,5.8,2.9,8.7,66.4,8.1,13.9,28.4,29.7,12.1,10.1,17.8,13.2,60.2,14.7,19.5,17.1,3.2,6.1,6,2.4,5.8,2.4,2.2,1.6,9.9,0.6,0.4,1.3,5.3,2.4,5.1,4,3.6,2.1,2.3,2.1,3,10.2,2.7,2.5,16.1,13.1,1.1,1.2,3.5,3.2,3.4,5.6,3.3,1.1,3,2,1.7,2.5,2.1,2.1,2.7
  2019 May,13.6,1.7,1.6,2,2.3,14,15.7,16.9,24.7,19.9,6.2,8.4,7.1,4.4,3.7,5.7,3.1,8.7,66.7,8.2,12.6,28.6,30.2,11.8,10,17.9,12.3,60.5,15,19.4,17,3.2,6.1,5.8,2.4,6,2.4,2.2,1.6,9.9,0.6,0.4,1.3,6,2.4,5.1,4,3.6,1.9,2.3,2.1,2.9,10,2.7,2.4,16.1,13.1,1.1,1.2,3.5,3.2,3.4,5.6,3.4,1.1,3,2,1.7,2.6,2.2,2.1,2.7
  2019 Apr,13.2,1.7,1.6,2.1,2.3,14,15.7,16.5,25.1,19.9,6.4,8.4,7,4.4,4.9,6.1,4.2,8.9,65.4,8.1,13.7,27.2,30.4,11.8,10.1,17.4,12.2,56.4,14.2,19.5,16.9,3.2,6.1,5.7,2.4,6,2.4,2.2,1.6,9.9,0.6,0.4,1.3,6.2,2.3,5.1,3.7,3.4,2.1,2.3,2.1,3.1,10.1,2.7,2.4,16.1,13.1,1.1,1.2,3.5,3.2,3.4,5.6,3.3,1.1,3,2,1.7,2.5,2.1,2.1,2.7
  2019 Mar,13.3,1.7,1.6,2.1,2.2,14.2,15.7,17.1,24.7,19.9,6.4,8.4,7,4.4,5.1,5.7,4.2,9.4,65.8,7.9,13.4,29.8,30.4,12.1,10,18,12.4,59.1,14.2,19,17,3.2,6.1,5.7,2.5,6,2.4,2.3,1.6,9.9,0.6,0.4,1.3,5.6,2.3,5,3.5,3.3,2.3,2.3,2.1,3.1,10.1,2.7,2.4,16.3,13.1,1.1,1.2,3.5,3.2,3.4,5.6,3.3,1.1,3,2,1.7,2.5,2.1,2.1,2.7
  2019 Feb,13,1.7,1.8,2.1,2.2,13.8,15.8,17.3,24.7,19.9,6.3,8.4,6.9,4.4,4.2,6.4,3.6,9.6,65,8.2,14.5,30.6,30.1,12.6,9.8,19.4,12.8,61.4,15.3,20.6,17.1,3.2,6.2,6.3,2.4,5.8,2.4,2.3,1.6,9.9,0.6,0.4,1.3,5.6,2.3,5,3.6,3.4,2.7,2.3,2.1,2.9,10.2,2.8,1.9,16.3,13.1,1.1,1.2,3.4,3.2,3.4,5.6,3.3,1.1,3,2,1.6,2.4,2.1,2,2.7
  2019 Jan,13.2,1.7,1.8,2.1,2.2,14,15.7,16.5,24.7,19.6,6.4,8.4,7,4.2,5.1,6.4,3.3,9.6,66.6,8.6,13.9,30.5,30.3,12.1,10.1,19.9,13.4,61.7,15.5,21.3,17.6,3.2,6.2,5.8,2.4,5.8,2.3,2.2,1.6,9.9,0.5,0.4,1.2,5.5,2.2,5,3.4,3.2,2.5,2.3,2.1,3,10.1,2.7,2.2,16.1,13.1,1.1,1.2,3.4,3.2,3.4,5.6,3.3,1.1,3,2,1.6,2.4,2.1,2,2.7
  2018 Dec,13.3,1.7,1.9,2.1,2.3,13.8,15.7,17.3,24.9,19.2,6.5,8,7.3,4.4,5,6.3,3.3,10.3,66.1,8.1,13.5,28.4,30.3,11.7,9.6,19.1,12.2,57.8,14.6,19.1,16.3,2.9,6.3,4.7,2.3,6,2.4,2.4,1.7,10.2,0.4,0.4,1,5.5,2.2,5.4,3.5,3,2.4,2.3,2.2,3.1,9.9,2.7,2.4,16.3,13.2,1.1,1.2,3.4,3.2,3.4,5.6,3.3,1.1,3,2,1.6,2.4,2.1,2,2.7
  2018 Nov,13.3,1.7,1.9,2.1,2.3,13.5,15.8,17.3,24.9,19.2,6.3,8.1,7.4,4.4,4,6.4,3.7,10.3,65.4,7.8,13.1,28.4,30.5,12.1,9.5,18.5,12.4,54.6,14.6,19.7,15.9,2.9,6.3,4.8,2.2,5.9,2.4,2.4,1.8,10.3,0.4,0.5,1,5.5,2.2,5.6,3.6,3.2,2.2,2.3,2.2,3.1,10.2,2.7,2.4,16.1,13.2,1,1.2,3.4,3.2,3.4,5.6,3.3,1.1,3,2,1.6,2.5,2.2,2.1,2.7
  2018 Oct,13.3,1.7,1.9,2.1,2.3,13.9,15.6,17.4,24.5,19.2,6.5,8.1,7.4,4.4,4.9,6.3,3.4,10.2,65.7,7.9,13.3,29,30.6,11.8,9.9,18.8,12.2,57.5,14.7,19,16,2.9,6.3,4.9,2.2,5.9,2.4,2.4,1.8,10.1,0.5,0.4,1,5.2,2.3,5.5,3.4,3.1,2.1,2.3,2.2,3.1,10.2,2.6,2.5,16.7,13.2,1.1,1.2,3.4,3.2,3.4,5.6,3.3,1.1,3,2,1.7,2.6,2.3,2.2,2.7
  2018 Sep,13.3,1.7,1.9,2.1,2.3,13.8,15.8,17.4,25,18.6,6.5,8.1,7.4,4.4,4.9,6.1,3.4,10.3,65.1,8,14.6,29.8,30.6,12,9.9,18.5,12.6,58.6,14.8,18.5,15.7,2.9,6.3,4.7,2.2,5.8,2.4,2.4,1.8,10.4,0.5,0.4,1.1,5.4,2.3,5.5,3.4,3.1,2.2,2.3,2.2,3.1,10.2,2.6,2.5,16.3,13.2,1.1,1.2,3.4,3.2,3.4,5.6,3.3,1.1,3,2,1.6,2.5,2.2,2.2,2.7
  2018 Aug,13.1,1.7,1.9,2.1,2.2,13.9,15.6,17.1,24.8,18.3,6.3,8.1,7.4,4.4,5.1,6.1,4.2,10.6,64.9,8.1,13.9,28.3,30.8,12.1,10.1,19.6,12.7,61.3,14.5,18.6,16,2.8,6.3,4.8,2.2,5.8,2.4,2.4,1.8,9.7,0.5,0.4,1.1,5.4,2.2,5.4,3.3,3,2.2,2.3,2.2,3.1,10.3,2.6,2.4,16.2,13.2,1,1.2,3.4,3.2,3.4,5.6,3.3,1.1,3,2,1.6,2.5,2.2,2.1,2.7
  2018 Jul,13.2,1.7,1.9,2,2.2,13.8,15.9,17.1,25,18.3,6.5,8.1,7.4,4.4,4.9,6.4,4,10.2,65.9,8.1,13.8,30.4,31.4,12.6,10.1,18.7,12.8,63.8,14.6,19.6,16.1,2.9,6.3,4.8,2.1,5.9,2.4,2.3,1.6,9.7,0.5,0.4,1,5.5,2.2,5.6,3.5,3.2,2.1,2.2,2.2,3.3,10.3,2.6,2.5,16.5,13.2,1,1.2,3.4,3.2,3.4,5.6,3.3,1.1,3,2,1.6,2.5,2.2,2.1,2.7
  2018 Jun,13.2,1.7,1.8,2.1,2.3,13.9,15.6,17.7,25,18.3,6.4,8.1,7.4,4.4,5,6.2,3.1,9.8,65.6,7.9,13,30.1,31.7,12.1,9.7,19.4,12.4,61.5,14.1,19.2,15.5,2.9,6.3,4.7,2.1,6.1,2.4,2.2,1.6,9.7,0.5,0.4,1.1,5.6,2.2,5.5,3.5,2.9,2,2.3,2.2,3.3,9.9,2.6,2.4,16.4,13.2,1,1.2,3.4,3.2,3.4,5.6,3.3,1.1,3,2,1.6,2.5,2.2,2.1,2.7
  2018 May,13.2,1.7,1.8,2.1,2.3,13.6,15.5,17.2,25,18.3,6.4,8.1,7.4,4.3,4.9,6.2,3.1,9.8,65.2,8,12.7,28.7,31.4,12.1,9.6,18.1,12.3,57.8,14.3,19.1,15.5,2.9,6.3,4.8,2.1,6,2.3,2,1.5,10.2,0.5,0.4,1.1,5.8,2.2,5.5,3.6,3.1,1.9,2.2,2.1,3.3,10.2,2.6,2.4,16.3,13.2,1,1.2,3.4,3.2,3.4,5.6,3.3,1.1,3,2,1.5,2.5,2.1,2.1,2.7
  2018 Apr,13,1.7,1.7,2,2.3,13.7,15.9,17,25,18.3,6.5,8,7.3,4.3,5.1,6,3.2,9.5,64.9,7.7,12.8,29.1,31.6,11.2,9.5,18.8,11.7,54.1,13.8,18.9,15.7,2.9,6.3,4.7,2.1,6.2,2.3,2,1.6,9.7,0.5,0.4,1.1,5.8,2.2,5.6,3.4,2.8,2.1,2.2,2.1,3.3,10.1,2.6,2.4,16.5,13.2,1,1.2,3.4,3.2,3.4,5.6,3.3,1.1,3,2,1.5,2.5,2.1,2.1,2.7
  2018 Mar,12.8,1.7,1.9,2,2.3,13.6,16,17,25,18.3,6.4,8,7.4,4.2,5,6,3.2,9,64.8,7.7,14.1,28.5,31,11,9.6,18.8,12,54.5,13.5,20.2,16.7,2.9,6.3,4.9,2.1,6.1,2.3,1.9,1.6,9.6,0.4,0.4,1,6.2,2.2,5.8,3.3,2.9,2.6,2.2,2.2,3.3,10.4,2.6,2.4,16.2,13.2,1,1.2,3.4,3.2,3.3,5.5,3.3,1.1,3,2,1.5,2.4,2.1,2,2.6
  2018 Feb,12.4,1.7,1.8,1.9,2.3,13.7,16.2,17.8,24.7,18.3,6.5,8.1,7.3,4.4,4.9,6,3.2,9.6,65.8,8,16.1,35.3,31.1,13,10.4,20,12.7,64.1,15.3,21.7,18,2.9,6.3,4.7,2.1,5.8,2.3,1.9,1.6,9.5,0.4,0.4,1,5.9,2.3,5.5,3.2,2.8,2.7,2.2,2.2,3.3,9.8,2.6,2,16.2,12.3,1,1.2,3.3,3.2,3.3,5.5,3.3,1.1,3,2,1.5,2.4,2.1,2,2.7
  2018 Jan,12.7,1.6,1.7,1.9,2.3,13.7,15.9,17.5,24.9,18.3,6.6,8.1,7.4,4.4,5.1,6.4,3.5,9.6,65.3,7.8,14.4,30.2,30.7,12.2,10.4,19.2,13,62.7,14.8,21.7,17.4,2.8,6.3,4.5,2.1,5.9,2.3,1.8,1.5,9.6,0.4,0.4,1,6.6,2.3,5.7,3.8,3.3,2.5,2.2,2.2,3.3,10,2.6,2.2,16.3,12.1,1,1.2,3.3,3.2,3.3,5.5,3.3,1.1,3,2,1.5,2.4,2.1,2,2.7
  2017 Dec,12.7,1.6,1.8,2,2.3,13.8,15.8,17.5,24.9,18.3,6.5,8.1,7.3,4.2,5.3,6.5,4.4,10.3,65.4,7.3,13.5,28.9,30.4,12,9.1,18.7,12.3,58.6,14.5,19.8,15.6,2.9,6.3,4.5,2.1,6,2.3,1.8,1.6,10.1,0.4,0.4,1,6.7,2.3,5.7,3.4,2.8,2.1,2.2,2.1,3.3,10,2.6,2.4,16.3,12.1,1,1.2,3.3,3.2,3.3,5.5,3.3,1.1,3,2,1.4,2.4,2.1,2,2.7
  2017 Nov,13.2,1.6,1.8,2,2.3,13.6,15.8,17.5,24.7,18.3,6.6,8.1,7.3,4.4,4.9,6.6,3.4,9.9,65.2,7.4,13.8,27.5,30.8,12,9,18.4,12.3,56.1,14.2,18.7,14.9,2.8,6.3,4.5,2.1,5.9,2.3,1.9,1.6,10.4,0.4,0.4,0.9,6.8,2.3,5.9,3.4,3,2.2,2.2,2.1,3.3,10,2.6,2.5,16.7,12.1,1,1.2,3.3,3.2,3.3,5.5,3.3,1.1,3,2,1.4,2.4,2.1,2,2.7
  2017 Oct,13.2,1.6,1.8,2,2.3,13.9,15.8,17,24.7,18.3,6.6,8.1,7.3,4.4,4.9,6,3.5,9.9,64.7,7.4,13.9,27.7,30.5,11.9,9.2,18.6,12.2,55.8,13.9,18.8,15.2,2.8,6.3,4.4,2.1,6.1,2.4,2.1,1.6,10,0.4,0.4,1,5.8,2.3,5.8,3.4,2.9,2.3,2.2,2.2,3.3,10.4,2.6,2.3,16.8,12.1,1,1.2,3.3,3.2,3.3,5.5,3.3,1.1,3,2,1.4,2.3,2.1,2,2.7
  2017 Sep,12.6,1.6,1.8,2,2.2,13.8,15.8,17.6,24.7,18.3,6.6,8.1,7.3,4.5,4.9,6.4,3.4,9.7,64.8,7.2,14.5,28.2,31.1,11.8,9.2,19.1,12.6,57.1,14,18.7,14.9,2.8,6.3,4.5,2.1,6.1,2.4,2,1.6,9.7,0.4,0.4,0.9,5.8,2.3,5.8,3.4,2.8,2.3,2.2,2.2,3.2,10.4,2.6,2.3,16.6,12.1,1,1.2,3.3,3.2,3.3,5.6,3.3,1.1,3,2,1.4,2.3,2,2,2.6
  2017 Aug,12.8,1.6,1.8,2,2.2,14,15.9,17.6,24.2,18.3,6.6,8,7.3,4.3,4.7,6.4,4.2,9.5,64.3,7.2,14.7,29.2,31.4,12.6,9.5,18.3,12.6,57.5,14.4,18.5,14.9,2.8,6.3,4.5,2,5.8,2.4,2.1,1.6,9.6,0.5,0.4,1,6,2.2,5.6,3.2,2.8,2.3,2.2,2.1,3.2,10.2,2.6,2.3,16.6,12.1,1,1.2,3.3,3.2,3.3,5.6,3.3,1.1,3,2,1.3,2.3,2,1.9,2.5
  2017 Jul,13.1,1.6,1.8,2,2.2,13.7,15.4,17.5,24.2,18.3,6.6,8,7.3,4.2,5.1,6.1,3.4,9.6,65.3,7.3,14,29.9,32.2,12.7,9.2,18.1,12.6,63.9,14,17.7,15,2.8,6.3,4.6,2.1,5.9,2.4,2,1.5,9.4,0.5,0.4,1,5.8,2.2,5.8,3.2,2.8,2.3,2.2,2.2,3.1,10.5,2.6,2.4,16.5,12.1,1,1.2,3.3,3.2,3.3,5.6,3.3,1.1,3,2,1.3,2.3,2,1.9,2.5
  2017 Jun,13,1.6,1.8,2,2.3,13.5,15.6,17.3,24.1,18.3,6.6,8,7.3,4.4,5,6.2,3.2,9.6,64.5,7.3,14,28.3,31.3,12.2,8.8,17.6,12.1,56.8,13.9,19.3,14.9,2.8,6.3,4.5,2.1,5.9,2.4,2,1.5,9.8,0.5,0.4,1,5.6,2.2,5.9,3.5,2.9,2.2,2.2,2.2,3.1,10.4,2.5,2.4,16.9,12.1,1,1.1,3.3,3.2,3.3,5.6,3.3,1.1,3,2,1.3,2.3,2,1.9,2.5
  2017 May,13.2,1.6,1.7,2,2.3,13.6,15.5,17,23.8,18.3,6.6,8,7.4,4.3,4.8,6.4,3.3,10,65.5,7.2,14.4,28.2,31.1,12.2,8.7,18.3,11.3,56.3,14,19.2,14.7,2.9,6.3,4.6,2.1,6,2.4,2,1.5,9.8,0.5,0.4,1.1,6.3,2.1,5.7,3.3,2.9,2.2,2.2,2.2,3.1,10.5,2.6,2.3,17,12.1,1,1.1,3.3,3.2,3.3,5.5,3.3,1.1,2.9,2,1.4,2.3,2,1.9,2.5
  2017 Apr,13.4,1.6,1.8,2,2.3,13.4,15.6,16.8,24,18.3,6.5,8,7.4,4.3,5.1,6.6,3.4,9.9,65.8,7,13.9,27.2,31.5,12.3,8.7,18.3,12,53.9,13.8,19.1,14.6,3,6.3,4.6,2.1,6.1,2.3,1.8,1.5,9.6,0.5,0.4,1.1,6.1,2.1,5.7,3.2,2.8,2.3,2.1,2.1,3.2,10.4,2.6,2.3,17,12.1,1,1.1,3.3,3.2,3.3,5.5,3.3,1.1,2.9,2,1.4,2.3,2,1.9,2.5
  2017 Mar,13.3,1.6,1.9,2,2.3,13.5,15.8,17.2,23.7,18.3,6.6,8,7.4,4.4,5.1,6.5,3.3,9.9,65.7,7.1,14.3,27.5,31.3,12.1,8.8,18,12.2,53.5,13.5,18.9,14.8,2.8,6.3,4.3,2.1,5.9,2.3,2,1.5,9.4,0.4,0.4,1.1,6.3,2.2,5.9,3.2,2.7,2.4,2.2,2.2,3.2,10.4,2.6,2.4,16.8,12.1,1,1.1,3.3,3.2,3.3,5.5,3.3,1,2.9,2,1.3,2.3,2,1.9,2.6
  2017 Feb,13.1,1.6,1.9,2,2.3,13.8,15.8,17.5,24,18.3,6.6,8,7.3,4.4,5.3,6.6,3.5,10,64.2,7.2,14.1,28.5,31.9,12.2,8.8,18.8,11.9,55.8,13.8,19.4,15,2.8,6.3,4.4,2.2,5.9,2.3,2.1,1.6,9.2,0.4,0.4,1.1,6.1,2.4,5.9,3.4,3,2.4,2.1,2.2,3.1,10.5,2.6,2.2,17.2,12.1,1,1.1,3.3,3.1,3.3,5.5,3.3,1,2.9,2,1.3,2.4,2,1.9,2.6
  2017 Jan,12.9,1.6,1.9,2,2.3,13.8,15.9,17.6,24,18.3,6.5,8,7.3,4.4,5.1,6.6,3.3,10.1,65.4,7.4,15.3,33.2,32,12.4,9.2,20.6,12.4,62.1,14.8,21.8,15.2,2.7,6.3,4.4,2.1,5.9,2.3,2,1.5,9.4,0.4,0.4,1,5.9,2.5,6.1,3.4,2.9,2.2,2.1,2.2,3.1,10.3,2.6,2.1,17.2,12.1,1,1.1,3.3,3.1,3.3,5.4,3.3,1,2.9,2,1.2,2.3,1.9,1.9,2.5
  2016 Dec,12.9,1.6,1.9,2,2.3,13.8,15.8,17.4,24,18.3,6.5,8,7.3,4.4,5.1,6.6,3.3,10.2,64,7,14.1,26.8,30.2,12.4,8.7,18.8,11.5,55.2,13.5,18.9,14.5,2.8,6.3,4.4,2.1,5.9,2.3,1.9,1.5,9.5,0.4,0.4,1,6,2.4,6.1,3.5,2.8,2.1,2.1,2.1,3,10.2,2.6,2.4,17.2,12.1,1,1.1,3.3,3.1,3.3,5.4,3.3,1,2.9,2,1.2,2.3,1.9,1.9,2.4
  2016 Nov,13.2,1.6,1.9,2,2.3,13.9,15.8,17.4,23.9,18.3,6.5,8,7.3,4.4,4.2,6.7,3.4,10.4,62.1,6.8,14.3,27.4,29.8,12.3,8.7,18.4,11.7,55.6,13.2,18.4,14.4,2.8,6.3,4.4,2.2,5.9,2.3,2,1.4,9.4,0.4,0.4,1,6,2.2,6,3.3,2.9,2.2,2.2,2.1,3.1,10.5,2.6,2.4,17.3,12.1,1,1.1,3.3,3.1,3.3,5.4,3.3,1,2.9,2,1.1,2.3,1.9,1.9,2.4
  2016 Oct,13.3,1.6,1.9,2,2.3,13.7,15.8,16.9,24,18.3,6.5,8,7.3,4.4,5,6.3,3.3,10.5,61.7,6.9,14.3,27.6,29.4,12.5,8.8,18.2,11.8,58,13.4,18.9,14.4,2.8,6.3,4.4,2.2,5.8,2.3,2.2,1.5,9.3,0.4,0.4,1,6.2,2.2,5.8,3.1,2.6,2.3,2.2,2.1,3.1,10.5,2.6,2.4,17.2,12.1,1,1.1,3.3,3.1,3.3,5.4,3.3,1,2.9,1.9,1.1,2.3,1.9,1.8,2.4
  2016 Sep,13.3,1.6,1.9,2,2.3,13.9,15.7,17,23.7,18.3,6.5,8,7.3,4.4,5,6.2,4.3,10.1,62.4,6.8,14.6,27.2,29.7,12,8.7,18.8,11.2,57.1,13.2,18.5,14.6,2.8,6.3,4.5,2.2,5.7,2.3,2.2,1.6,9,0.4,0.4,1,5.9,2.2,5.7,3.2,2.7,2.3,2.2,2.1,3.1,10.1,2.6,2.4,17.1,12.1,1,1.1,3.3,3.1,3.3,5.4,3.2,1,2.9,1.9,1.1,2.2,1.8,1.8,2.3
  2016 Aug,13,1.6,1.9,2,2.2,13.9,15.7,16.9,24,18.3,6.3,8,7.2,4.4,5,6.2,4.3,9.9,60.9,6.9,14.4,27.9,29.6,12.3,8.7,18.4,11.8,58.1,13.5,18.5,14.7,2.8,6.3,4.6,2.2,5.7,2.3,2.1,1.6,9,0.4,0.4,1,6.1,2.2,5.7,3.3,2.9,2.4,2.1,2.2,3,10.3,2.6,2.5,17.2,12.1,1,1.1,3.3,3.1,3.3,5.3,3.2,1,2.9,1.9,1,2.1,1.8,1.7,2.3
  2016 Jul,12.9,1.6,1.9,2,2.2,13.7,15.7,17.2,23.6,18.3,6.2,8,7,4.4,5.1,6.4,4.3,10,60.5,7.1,14.6,28.1,29.6,12.5,9.1,18.8,12.6,60.6,13.4,18.7,15,2.8,6.3,4.6,2.2,5.8,2.3,1.9,1.6,9.3,0.4,0.4,1,6.6,2.3,5.8,3.4,2.9,2.4,2.1,2.2,3,10.3,2.6,2.4,17.2,12.1,1,1.1,3.3,3.1,3.3,5.3,3.2,1,2.9,1.9,1,2.2,1.8,1.8,2.3
  2016 Jun,13.1,1.6,1.9,2,2.3,13.6,15.8,17.5,24,18.3,6.2,8,6.9,4.3,4.7,6.3,3.5,10.4,59.6,7,14.4,27.5,29.1,12.4,9,18.2,12,57.5,13.5,18.6,14.6,2.8,6.3,4.7,2.2,6,2.3,1.9,1.5,9.4,0.4,0.4,1,6.6,2.3,5.9,3.5,2.9,2.3,2.1,2.2,3.1,10,2.6,2.4,17.3,12.1,1,1.1,3.3,3.1,3.3,5.3,3.2,1,2.9,1.9,1.1,2.2,1.8,1.8,2.4
  2016 May,13.2,1.6,1.9,2,2.3,13.7,15.8,17.2,23.7,18.3,6.3,8.1,7,3.9,4.6,5.8,3.6,10.2,59.4,7,14.1,27.1,28.3,12.1,8.8,17.1,11.2,54.8,12.8,18.1,14.4,2.8,6.3,4.5,2.2,6.2,2.3,1.9,1.5,9.3,0.4,0.4,1,6.2,2.3,6.1,3.6,2.8,2.1,2,2.2,3.2,10.2,2.6,2.4,17.3,12.1,1,1.1,3.3,3.1,3.3,5.3,3.2,1,2.9,1.9,1,2.1,1.8,1.7,2.4
  2016 Apr,13.4,1.6,1.9,2,2.3,13.7,15.6,17,24,18.3,6.2,8.1,7,4.1,4.5,5.9,3.6,10.4,55.9,6.7,13.7,26.1,27.6,12.6,8.6,17.5,10.5,52.8,13.2,18.2,14.6,2.8,6.3,4.6,2.2,6.1,2.3,1.9,1.5,9.2,0.4,0.4,1,6.9,2.4,5.9,3.2,2.8,2.2,2,2.1,3.2,10.4,2.6,2.5,17.2,12,1,1.1,3.3,3.1,3.2,5.3,3.2,1,2.9,1.9,1,2.1,1.8,1.7,2.3
  2016 Mar,13.3,1.6,1.9,2,2.3,13.8,15.7,17.2,23.6,18.3,6.3,8.1,6.9,3.9,4.5,6.2,4.4,10.1,55.4,7.2,14.2,26.8,27.6,12.6,8.7,17.7,11.4,54.2,13.2,18.1,14.2,2.8,6.2,4.6,2.2,6.4,2.3,1.8,1.4,9.4,0.4,0.4,1,6.9,2.4,6,3.1,2.8,2.2,2,2.1,3.2,10.4,2.6,2.5,17.5,12,1,1.1,3.3,3.1,3.2,5.3,3.2,1,2.9,1.9,1,2.1,1.8,1.7,2.3
  2016 Feb,12.8,1.6,1.9,2,2.2,14.2,16.1,17.4,24,18.3,6.3,8.1,7,3.9,4.8,6.2,3.8,9.9,55.9,7.3,15.6,29,27.7,13.6,9,20.9,11.6,59.7,13.9,20.5,14.7,2.9,6.1,4.7,2.1,6.4,2.3,1.9,1.4,9.2,0.4,0.4,1,6.1,2.3,6.2,3.4,2.9,2.2,2,2.1,3.1,10.1,2.6,2.3,17.5,12,1,1.1,3.2,3.1,3.2,5.2,3.2,1,2.9,1.9,0.9,2.1,1.7,1.7,2.3
  2016 Jan,13.2,1.6,1.9,2,2.2,13.8,15.7,17.3,24,18.3,6.4,8,6.9,4.1,4.7,6.2,4.1,10.1,56.5,7.2,15.1,30.5,27.7,12.1,9,21.3,11.6,59.9,14,20.2,14.2,2.8,6.1,4.7,2.1,6.3,2.3,1.9,1.5,9.2,0.4,0.4,1,6.3,2.1,5.5,3.3,2.9,2.3,2.1,2.1,3,10.3,2.6,2.4,17.5,12,1,1.1,3.2,3.1,3.2,5.2,3.2,1,2.9,1.9,1,2.2,1.8,1.7,2.4
  2015 Dec,13.3,1.6,1.9,2,2.3,13.5,15.3,17,24,18.3,6.1,7.8,6.9,4.1,4.8,5.9,4,10,55.1,6.7,13.2,27.3,26.8,11.6,8.7,18.1,11.4,52.1,13.5,18.3,13.3,2.9,6.1,4.8,2.2,6,2.3,1.9,1.4,9.4,0.4,0.4,1,5.8,2.1,5.3,3.2,2.9,2.4,2,2.1,3.1,10.1,2.6,2.5,17.5,12,1,1.1,3.2,3,3.2,5.2,3.2,1,2.9,1.9,1.1,2.2,1.9,1.8,2.4
  2015 Nov,13.3,1.6,1.9,2,2.3,13.6,15.3,16.9,23.7,18.3,6.2,7.8,6.9,4.3,5.2,6.4,4.5,10.3,53.8,6.8,13.4,25.9,26.7,11.6,8.5,18.1,11.4,50.3,12.9,18.1,13.4,2.8,6.1,4.7,2.2,6.1,2.2,1.9,1.4,9.1,0.4,0.4,1,5.8,2.1,5.2,3.1,2.7,2.4,2,2.1,3.1,10.3,2.6,2.4,17.3,12,1,1.1,3.2,3,3.2,5.2,3.2,1,2.9,1.9,1.1,2.3,1.9,1.9,2.3
  2015 Oct,13.2,1.6,1.9,2,2.2,13.2,15.2,16.7,23,18.3,6.1,7.8,6.9,4.3,5.3,6.7,4.5,10.2,53.9,6.9,13.5,26.8,26.6,11.4,8.6,18,11.6,50.7,13.1,18.1,13.6,2.8,6.1,4.4,2.2,6.2,2.2,1.9,1.6,9.1,0.4,0.4,0.9,5.6,2.1,5.2,3,2.6,2.4,2,2.1,3.1,10.3,2.6,2.5,17.3,12,1,1.1,3.2,3,3.2,5.2,3.2,1,2.9,1.9,1.1,2.3,1.9,1.9,2.3
  2015 Sep,12.8,1.6,1.9,2,2.1,13.4,15.1,16.9,23.3,18.3,6.1,7.7,7.1,4.4,4.6,6.3,4.4,10.1,54.1,6.8,13.7,26.2,26.8,11.8,8.6,19.2,11.9,52.4,13.1,18,13.6,2.8,6,4.4,2.2,6.4,2.1,2,1.7,9.2,0.4,0.5,0.9,5.5,2.1,5.1,3.1,2.6,2.4,2,2.1,3,10.3,2.6,2.4,17.4,12,1,1.1,3.2,3,3.2,5.2,3.2,1,2.9,1.9,1.1,2.3,1.9,1.9,2.3
  2015 Aug,12.7,1.6,1.9,2,2.1,13.3,15,17,23.3,18.3,5.9,7.8,6.9,4.1,3.9,6.4,4.4,10.4,52.8,6.8,13.7,26.6,26.7,11.4,8.6,18.8,12.1,57.9,13.3,18.1,13.7,2.9,6,4.9,2.1,6.2,2.2,2,1.6,9.2,0.4,0.5,0.9,5.8,2.1,5.3,3.3,2.8,2.4,2,2.1,2.9,10.1,2.6,2.4,17.5,12,1,1.1,3.2,3,3.2,5.2,3.2,1,2.9,1.9,1.1,2.3,2,1.9,2.3
  2015 Jul,13.2,1.6,1.9,2,2.2,12.9,14.6,16.3,23.6,18.3,6,7.8,6.9,4.4,5.2,6.1,4.4,10.4,50.5,7,13.9,26.1,26.9,11.6,8.7,19.3,12.1,61.1,13.3,18.3,13.6,2.9,6.1,4.8,2.1,6.4,2.2,1.9,1.6,9,0.4,0.5,0.9,5.5,2.1,5.1,3,2.7,2.6,2,2.1,3,10.2,2.6,2.5,17.4,12,1,1.1,3.2,3,3.2,5.2,3.2,1,2.9,1.9,1.2,2.3,2,2,2.3
  2015 Jun,13,1.6,1.9,2.1,2.2,13.2,15.1,16.8,22.6,18.3,6.1,8.1,6.9,4.4,5.1,6,3.9,10.5,49.7,7,13.9,25.4,27.1,11.7,8.5,18.3,11.4,51.5,13,18.2,12.7,2.9,6,5,2.1,6.5,2.1,1.8,1.6,9,0.4,0.5,0.9,5.5,2.1,5.1,3.3,2.9,2.1,2,2,3.2,9.6,2.6,2.5,17.5,12,1,1.1,3.2,3,3.2,5.2,3.2,1,2.8,1.9,1.3,2.3,2.1,2,2.3
  2015 May,13.1,1.6,1.9,2.1,2.1,13.3,15,16.6,23.6,18.3,6.2,8.1,7,4.4,5.2,6.1,4.1,10.2,49.4,6.9,13.8,25,27.6,12.6,8.3,17.4,11.1,49.7,12.9,17.9,12.3,2.8,5.9,4.9,2.2,6.4,2.1,1.9,1.6,9.1,0.4,0.5,0.9,6,2,5.2,3.3,2.9,1.9,2,2.1,3.2,10.2,2.6,2.5,17.5,12,1,1.1,3.2,3,3.2,5.2,3.2,1,2.8,1.9,1.3,2.3,2,2,2.4
  2015 Apr,13,1.6,1.9,2.1,2.2,13.2,14.9,16.7,23.1,18.3,6.1,8,7,4.4,5.1,6.2,4.3,10,50.4,6.8,14,24.4,27.7,12.2,8.5,18.2,11.2,48,12.7,18.1,12.8,2.8,5.9,4.9,2.3,6.6,2.2,2.1,1.7,9.3,0.4,0.4,0.9,6.4,2,5.2,3.3,2.8,1.8,1.9,2.1,3.2,10.2,2.6,2.5,17.5,12,1,1.1,3.2,3,3.2,5.2,3.1,1,2.8,1.9,1.2,2.2,2,1.9,2.4
  2015 Mar,13.1,1.6,1.9,2.1,2.2,13.4,14.8,16,23.3,17.8,6.2,7.9,7,4.3,5.2,6.2,4.1,10.1,49.7,6.9,14.5,25.6,28,12.4,8.6,19.7,10.8,48.7,12.8,18.8,13.3,2.9,5.8,4.7,2.4,6.6,2.2,2,1.6,9.5,0.4,0.5,0.9,6.5,2.1,5.2,3,2.7,2.5,2,2.1,3.3,10.1,2.5,2.4,17.5,12,1,1.1,3.2,3,3.2,5.2,3.1,1,2.8,1.9,1.2,2.2,1.9,1.9,2.3
  2015 Feb,12.7,1.6,1.9,2.1,2.2,13.7,15.4,17,22.8,17.8,6.3,8,7.1,4.4,5.1,6.2,4.6,10,50.2,7.5,15.1,30.9,28.6,12.8,8.8,20.2,12.3,58.8,14.4,22.5,13.9,2.8,5.8,4.7,2.4,6.1,2.2,2,1.8,9.5,0.4,0.5,1,6.2,2.1,5.1,3.1,2.7,3.1,2,2.1,3.2,10.1,2.5,2.4,17.5,12,1,1.1,3.2,3,3.2,5.2,3.1,1,2.8,1.9,1.2,2,1.7,1.7,2.3
  2015 Jan,13.5,1.6,1.9,2.1,2.2,13.2,14.9,16.8,22.9,17.8,6.1,8,6.7,4.4,5.1,6.3,4.4,10.4,49.8,7.3,14,25.1,27.6,12.5,8.8,20.2,12.1,53.8,13.3,19.5,13.4,2.8,5.8,5.2,2.4,6.3,2.2,2,1.8,9.6,0.4,0.5,0.9,6.3,2.1,5.3,3.5,3.1,2.7,2,2,3.2,9.9,2.5,2.4,17.5,12,1,1.1,3.2,3,3.2,5.2,3.1,1,2.8,1.9,1.2,1.9,1.7,1.6,2.4
  2014 Dec,13.3,1.6,1.9,2.1,2.2,13.2,14.9,16.5,23,17.8,6.1,7.9,6.8,4.4,5.1,6.1,4.6,10,49,6.9,13.7,24.5,27.6,12.7,8.6,18.7,11.6,51,12.8,18.4,12.9,3,5.8,4.7,2.5,6.6,2.2,2,1.7,9.5,0.4,0.5,0.9,6.1,2,5.1,3.4,3,2.5,2,2.1,3.3,10.4,2.5,2.5,17.3,12,1,1.1,3.2,3,3.2,5.2,3.1,1,2.8,1.9,1.3,2,1.8,1.8,2.5
  2014 Nov,13.3,1.6,1.9,2.1,2.2,13.1,14.9,16.4,22.6,17.8,6.1,7.9,6.8,4.4,5.2,6.2,4.6,10,48.7,6.7,13.9,24,27.3,12.6,8.5,18.2,11.4,50.7,12.9,18.3,12.5,2.8,5.8,4.9,2.4,6.6,2.2,2,1.6,9.4,0.4,0.5,0.9,6,2,5,3.2,2.9,2.5,2,2.1,3.3,10.4,2.5,2.5,17.4,12,1,1.1,3.2,3,3.2,5.1,3.1,1,2.8,1.9,1.4,2.1,1.9,1.9,2.5
  2014 Oct,13.2,1.6,1.9,2.1,2.3,13,14.8,16.6,22,17.8,6.1,7.8,6.8,4.4,5.1,6.2,4.5,10.1,48.4,6.6,13.7,24.6,27.3,12.5,8.6,18.9,11.5,49.6,12.8,18.1,12.9,2.8,5.8,4.8,2.2,6.5,2.2,2,1.6,9.3,0.4,0.5,1,5.6,2,5.2,3.1,2.7,2.5,2,2,3.3,10.2,2.5,2.5,17.4,12,1,1.1,3.2,3,3.2,5.1,3.1,1,2.8,1.9,1.5,2.2,2,2,2.6
  2014 Sep,13.2,1.6,1.9,2,2.2,13.3,14.9,15.9,22.8,17.8,6.1,7.8,6.8,4.4,5.2,6.2,4.3,9.9,48.5,6.7,13.8,24.4,27.3,12.9,8.6,18.2,11.5,49.5,12.7,17.7,12.7,2.8,5.8,4.7,2.1,6.6,2.2,2.2,1.6,9.2,0.4,0.5,0.9,5.6,2,5.1,3.2,2.9,2.3,2,2,3.2,9.9,2.5,2.5,17.3,12,1,1.1,3.2,3,3.2,5.1,3.1,1,2.8,1.9,1.5,2.2,2.1,2,2.6
  2014 Aug,12.8,1.6,1.9,2.1,2.2,13.3,14.9,16.5,23,17.8,6.1,7.9,6.8,4.3,4.9,6.2,4.5,9.7,49.2,7,14,25.3,27.6,13,8.7,17.8,11.8,57.1,13,18.1,13.1,2.8,5.8,4.8,2.1,6.5,2.2,2.3,1.7,8.9,0.4,0.5,1,6.4,2,5.2,3.2,2.8,2.4,2,2.1,3.2,10.1,2.5,2.5,17.4,12,1,1.1,3.2,3,3.2,5.1,3.1,1,2.8,1.9,1.5,2.3,2.1,2,2.6
  2014 Jul,13.4,1.6,1.9,2.1,2.2,13.1,14.9,16.4,22.6,17.8,6.1,7.9,6.8,4.3,5,6,4.6,9.8,48.5,7,13.7,24.5,27.5,12.9,8.8,17.4,11.6,56.9,12.9,18,12.9,2.8,5.8,4.8,2.1,6.5,2.2,2.5,1.7,8.7,0.3,0.5,1,6.5,2.1,5.2,3.1,2.8,2.8,2,2.1,3.1,10.2,2.5,2.4,17.5,12,1,1.1,3.2,3,3.2,5.1,3.1,1,2.8,1.9,1.6,2.3,2.1,2.1,2.6
  2014 Jun,13.1,1.6,1.9,2.1,2.3,13.1,14.8,16.1,22.5,17.8,6.1,8,6.8,4.4,5.2,6.2,4.6,10.1,48.7,6.8,13.4,24.4,27.5,12.4,8.8,18.2,11.2,52.1,12.6,17.9,12.6,2.9,5.7,4.6,2.1,6.5,2.1,2.3,1.6,9,0.3,0.5,1,5.9,2,5.2,3.3,2.9,2.1,1.9,2.1,3.2,10.1,2.5,2.5,17.6,12,1,1.1,3.2,3,3.1,5.1,3.1,1,2.8,1.9,1.6,2.3,2.1,2.1,2.6
  2014 May,13.3,1.6,1.9,2.1,2.2,13.2,14.8,16.6,22.8,17.8,6.1,7.9,6.8,4.4,5.1,6.1,4.4,9.7,48.5,6.6,13.3,23.9,27.4,12.1,8.5,18.4,11.1,49.3,12.7,18,12.3,3,5.7,4.7,2.1,6.6,2.1,2.2,1.6,8.8,0.3,0.5,1,6.1,2,5.3,3.3,2.9,1.7,2,2.1,3.2,9.6,2.5,2.6,17.5,12,1,1.1,3.2,3,3.1,5.1,3.1,1,2.8,1.9,1.6,2.3,2.1,2.1,2.5
  2014 Apr,12.9,1.6,1.9,2,2.2,13.2,14.8,16.5,22.5,17.8,6.1,8,6.8,4.2,5.1,6,4.4,9.7,48.4,6.5,13.3,24,27.5,11.7,8.4,17.3,10.9,47.7,13.1,18.1,12.4,2.9,5.6,5.2,2.1,6.4,2.1,2.2,1.7,8.6,0.4,0.4,1,6.2,2,5.4,3.4,2.9,1.5,1.9,2,3.2,9.7,2.5,2.5,17.4,12,0.9,1.1,3.2,3,3.1,5.1,3.1,1,2.8,1.9,1.6,2.3,2.1,2.1,2.5
  2014 Mar,12.9,1.6,1.9,2,2.3,13.3,14.8,16.7,22.8,17.8,6.4,7.9,6.8,4.4,5.2,6,4.6,9.9,47.8,6.6,13.4,24.4,27.5,11.6,8.4,16.9,11,45.2,12.9,18.8,12.7,2.9,5.6,4.5,2.1,6.6,2.1,2.1,1.7,8.5,0.4,0.4,1,6,2,5.1,3.2,2.5,2.2,1.9,2,3.2,9.6,2.5,2.5,16.6,11.7,0.9,1.1,3.2,3,3.1,5.1,3.1,1,2.8,1.9,1.6,2.3,2.1,2,2.6
  2014 Feb,12.6,1.6,1.9,2.1,2.2,13.5,15,16.7,22.6,17.8,6.3,7.8,6.9,4.4,5.1,5.9,4.6,9.7,48.4,6.8,14.4,26,27.1,11.7,8.7,17.8,11.2,46.3,12.7,20,12.7,2.9,5.4,4.5,2.1,6.3,2,2,1.7,8.6,0.4,0.4,0.9,6.2,2,5,3,2.6,2.8,1.9,2,3.1,9.3,2.5,2.4,15.8,11.2,0.9,1.1,3.1,3,3.1,5.1,3.1,1,2.8,1.9,1.6,2.2,2.1,2,2.6
  2014 Jan,12.7,1.6,1.9,2.1,2.2,13.3,15.1,16.4,22.8,17.8,6.3,7.8,6.9,4.4,5.2,6.1,4.5,9.8,49.1,7.1,14.8,30.1,27.6,12.1,8.8,18.8,11.6,58.9,14,22.9,13,2.9,5.4,4.7,2.1,6.5,2,2,1.7,8.6,0.4,0.4,0.9,6.1,2,5.2,3,2.7,2.8,1.9,2,3.2,9.8,2.5,2.4,15.8,11.1,0.9,1.1,3.1,3,3.1,5,3.1,1,2.8,1.8,1.6,2.2,2.1,2,2.6
  2013 Dec,12.8,1.5,1.8,na,2.3,13.1,14.7,16.1,na,17.8,6.1,na,6.7,na,na,na,na,na,49.2,6.6,14,25.2,26.4,11.7,8.5,17.4,11,48.3,12.7,18.4,11.9,2.9,5.2,4.8,2,5.7,2,2,1.5,8.5,0.4,0.4,0.9,7,2,4.6,3.5,3.2,2,1.9,2,3.2,9.8,na,2.5,na,10.8,na,na,na,na,na,na,na,na,na,na,1.5,2.2,2.1,2,2.8
  2013 Nov,13,1.5,1.7,na,2.3,13.2,14.9,16.5,na,17.8,6.1,na,6.8,na,na,na,na,na,49.7,6.6,14.1,24.8,26.4,12.2,8.5,17.2,11,46.5,12.2,17.9,11.8,3,5.2,4.8,2,5.8,2,2,1.5,8.9,0.4,0.4,1,7.3,2,4.3,3,2.8,1.9,1.9,2,3.2,9.9,na,2.5,na,10.8,na,na,na,na,na,na,na,na,na,na,1.5,2.2,2,2,2.5
  2013 Oct,13,1.5,1.7,na,2.3,13.2,14.7,16.2,na,17.8,6.1,na,6.9,na,na,na,na,na,49.5,6.5,14.5,24.5,26.3,12.1,8.5,17.4,11.1,46.5,11.9,17.6,11.6,2.9,5.1,4.9,2,5.8,2,2,1.6,8.9,0.4,0.4,0.9,6.9,1.9,4.3,3,2.6,1.7,1.8,2,3.3,10,na,2.5,na,10.8,na,na,na,na,na,na,na,na,na,na,1.5,2.2,2.1,2,2.5
  2013 Sep,12.7,1.5,1.7,na,2.2,13.1,14.7,16.3,na,18,6.1,na,6.9,na,na,na,na,na,49.9,6.6,15,24.5,26.3,12.6,8.6,18.1,11.2,48,11.8,17.5,12,3,5,4.8,2,5.7,1.8,2.1,1.5,8.6,0.4,0.4,1,7,2,4.3,3.1,2.7,1.7,1.8,2,3.3,9.9,na,2.5,na,10.9,na,na,na,na,na,na,na,na,na,na,1.5,2.3,2.1,2,2.5
  2013 Aug,12.6,1.5,1.7,na,2.1,13.1,14.7,16.2,na,18.3,6,na,6.9,na,na,na,na,na,49.9,6.7,14.9,24.4,27,12.5,8.5,18.3,11.2,52.6,11.6,17.6,12.3,3,5,5.1,1.9,5.7,1.8,2,1.4,8.3,0.4,0.4,1,7.1,2,4.3,3,2.6,2,1.8,2,3.2,10.1,na,2.4,na,10.9,na,na,na,na,na,na,na,na,na,na,1.5,2.2,2.1,2,2.5
  2013 Jul,13,1.5,1.7,na,2.2,13.1,14.7,16.5,na,18.3,5.8,na,6.9,na,na,na,na,na,49.6,6.5,14.5,24.2,26.8,12.4,8.3,17.5,11.2,53.4,11.6,17.7,11.9,3,4.9,4.8,2,5.6,1.8,2,1.5,8.3,0.4,0.4,1,7.1,1.9,4.3,3,2.9,2.5,1.8,2,3.3,9.9,na,2.4,na,10.9,na,na,na,na,na,na,na,na,na,na,1.5,2.2,2.1,2,2.4
  2013 Jun,12.9,1.5,1.7,na,2.2,13.1,14.6,16.5,na,17.8,5.9,na,7,na,na,na,na,na,49.8,6.4,14.2,23.5,26.7,12,8.2,17,10.9,50.2,11.4,17.4,11.8,2.9,4.9,4.7,1.9,5.5,1.8,1.8,1.4,8.3,0.4,0.4,1,7.2,2,4.4,2.9,2.7,2.1,1.8,2,3.3,9.9,na,2.5,na,10.9,na,na,na,na,na,na,na,na,na,na,1.5,2.2,2,1.9,2.4
  2013 May,12.9,1.5,1.6,na,2.2,13.1,14.6,16.4,na,17.8,5.8,na,6.9,na,na,na,na,na,49.8,6.4,14.2,23.6,26.3,12.1,8.3,17.3,10.7,48.4,11.8,17.6,11.7,2.9,4.8,4.8,2,5.5,1.8,1.8,1.4,8.4,0.4,0.4,1,7.7,2,4.4,3.2,2.9,1.9,1.8,2,3.3,10.1,na,2.4,na,10.9,na,na,na,na,na,na,na,na,na,na,1.4,2.1,2,1.9,2.4
  2013 Apr,12.8,1.5,1.6,na,2.2,13.1,14.6,16.3,na,17.8,5.9,na,6.9,na,na,na,na,na,49.2,6.5,14.1,22.7,26.1,12,8.5,17.1,10.8,46.2,10.8,17.6,11.8,2.9,4.8,4.7,1.9,5.6,1.8,1.8,1.4,8.5,0.4,0.4,1,8.3,1.9,4.2,2.9,2.7,1.9,1.8,2,3.3,10.1,na,2.4,na,10.9,na,na,na,na,na,na,na,na,na,na,1.5,2.1,2,2,2.5
  2013 Mar,12.7,1.5,1.6,na,2.3,12.9,14.6,16.2,na,17.8,5.9,na,6.9,na,na,na,na,na,48.9,6.5,14.2,23.8,26,12.6,8.4,17.3,10.9,44,10.7,17.6,12,2.9,4.8,4.9,1.9,5.6,1.7,1.8,1.5,8.1,0.4,0.4,1,7.7,1.9,4.1,2.7,2.7,2.6,1.7,2,3.3,10.1,na,2.4,na,10.9,na,na,na,na,na,na,na,na,na,na,1.6,2.2,2.1,2,2.5
  2013 Feb,12.5,1.5,1.6,na,2.3,13.5,14.9,16.9,na,17.8,6,na,7,na,na,na,na,na,49.6,6.8,16.7,29.9,25.7,12.9,8.6,19.2,11.5,49.7,12,19.3,12.9,2.9,4.7,5,1.9,5.7,1.7,1.8,1.4,8.1,0.4,0.4,0.9,7.7,1.9,4.3,3.2,3.1,3.2,1.7,2,3.4,9.9,na,2.3,na,10.8,na,na,na,na,na,na,na,na,na,na,1.6,2.3,2.1,2.1,2.5
  2013 Jan,12.7,1.5,1.6,na,2.2,13.2,14.5,16.7,na,17.8,5.9,na,6.9,na,na,na,na,na,49.9,6.8,15.3,25.4,24.8,12.2,8.4,18.8,11.6,48.7,11.8,18.3,12.1,2.9,4.7,5,1.9,5.8,1.7,1.8,1.4,8.1,0.4,0.4,0.9,7.6,1.9,4.2,3.1,3,2.8,1.7,2,3.3,9.9,na,2.3,na,10.8,na,na,na,na,na,na,na,na,na,na,1.5,2.2,2,2,2.5
  2012 Dec,12.8,1.5,1.6,na,2.2,13.1,14.5,16.5,na,17.8,5.9,na,6.8,na,na,na,na,na,50,6.6,14,23,24.6,12.3,8.4,16.4,10.6,44.5,11.2,17.6,11.2,2.9,4.7,5,1.9,5.8,1.7,1.8,1.4,7.9,0.4,0.4,0.9,7.6,1.9,4.4,3.4,3.3,2.2,1.7,2,3.3,10.2,na,2.4,na,10.8,na,na,na,na,na,na,na,na,na,na,1.5,2.1,2,1.9,2.5
  2012 Nov,12.7,1.5,1.6,na,2.2,13.1,14.4,16.6,na,17.8,5.9,na,6.8,na,na,na,na,na,50.2,6.6,14.1,23.1,25.2,12.1,8.2,16,10.4,44.2,11.1,17.1,11.1,2.9,4.6,5.1,1.9,5.9,1.7,1.8,1.4,7.9,0.3,0.4,0.9,7.9,1.9,4.1,3,2.9,2.1,1.7,2,3.4,10.3,na,2.4,na,10.8,na,na,na,na,na,na,na,na,na,na,1.4,2.1,2,1.9,2.6
  2012 Oct,12.8,1.5,1.6,na,2.3,13.1,14.4,16.5,na,17.8,5.9,na,6.7,na,na,na,na,na,49.4,6.6,14.3,24,24.6,12.1,8.1,16.5,10.7,43,10.9,16.2,10.8,2.9,4.6,5,1.9,5.8,1.7,1.9,1.4,7.9,0.3,0.4,0.9,8.1,2,4,2.9,2.7,2,1.7,1.9,3.3,10.2,na,2.4,na,10.8,na,na,na,na,na,na,na,na,na,na,1.5,2.2,2,2,2.6
  2012 Sep,12.3,1.5,1.6,na,2.2,13.1,14.4,16.5,na,17.8,5.9,na,6.8,na,na,na,na,na,49.5,6.8,14.7,24.4,25.4,12.5,8.3,16.9,11.1,43.2,11.1,16.1,11,2.9,4.6,5,1.9,6,1.7,1.8,1.4,7.8,0.3,0.4,0.9,8.1,2,4.2,3,2.9,1.6,1.7,2,3.3,10.1,na,2.4,na,10.8,na,na,na,na,na,na,na,na,na,na,1.5,2.2,2,2,2.5
  2012 Aug,12.6,1.5,1.6,na,2.2,13,14.4,16.6,na,17.8,5.9,na,6.7,na,na,na,na,na,49.2,6.8,14.8,24.5,25.3,12.8,8.4,18,11.5,49.1,11.3,16.9,11.4,2.9,4.5,5.2,1.8,6,1.7,1.9,1.3,7.8,0.3,0.4,0.9,7.9,1.9,4,2.8,2.7,1.7,1.7,2,3.3,10,na,2.4,na,10.8,na,na,na,na,na,na,na,na,na,na,1.5,2.1,2,2,2.3
  2012 Jul,12.6,1.5,1.6,na,2.2,13,14.4,16.5,na,17.8,5.9,na,6.7,na,na,na,na,na,49.1,6.7,14.7,24.7,25.6,12.6,8.4,16.9,11.7,47.9,11,16.5,11.4,2.9,4.5,5.1,1.9,6.1,1.7,1.9,1.3,7.7,0.3,0.4,0.9,7.7,2,4.2,3,2.8,1.8,1.7,2,3.4,10.1,na,2.4,na,10.8,na,na,na,na,na,na,na,na,na,na,1.4,2,1.9,1.9,2.3
  2012 Jun,12.6,1.5,1.6,na,2.3,13.1,14.3,16.5,na,17.8,5.9,na,6.8,na,na,na,na,na,48.9,6.5,14.3,24.2,25.8,12.5,8.4,16.2,11.2,46,11,17.3,11.2,2.9,4.5,5,1.8,6,1.7,1.8,1.3,8,0.3,0.4,1,7.8,2,4.2,2.9,2.6,1.6,1.7,2,3.4,9.9,na,2.4,na,10.8,na,na,na,na,na,na,na,na,na,na,1.4,2,1.9,1.9,2.3
  2012 May,12.8,1.5,1.6,na,2.3,13,14.3,16.3,na,17.8,5.9,na,6.7,na,na,na,na,na,48.3,6.4,14.4,24,26,12.5,8,16.8,10.9,43.9,11,17,11.1,2.9,4.4,5.1,1.9,6.1,1.6,1.7,1.3,8.2,0.3,0.4,1,7.6,1.9,4.3,3.1,2.7,1.6,1.7,1.9,3.4,10.1,na,2.4,na,10.8,na,na,na,na,na,na,na,na,na,na,1.5,2.1,2,2,2.5
  2012 Apr,12.7,1.5,1.6,na,2.2,13,14.3,16.3,na,17.8,5.9,na,6.7,na,na,na,na,na,47.9,6.3,14.5,24.1,25.6,12.3,8.1,16,10.4,42,11.1,17.3,11.4,2.9,4.4,5,1.9,6.1,1.6,1.7,1.3,8.3,0.3,0.4,1,7.1,1.8,4.1,2.9,2.7,1.6,1.7,2,3.4,10.1,na,2.3,na,10.8,na,na,na,na,na,na,na,na,na,na,1.6,2.2,2.1,2,2.6
  2012 Mar,12.8,1.5,1.6,na,2.2,12.9,14.3,16.4,na,17.8,5.9,na,6.8,na,na,na,na,na,47.2,6.5,14.4,24.9,25.9,12.6,8.1,16.2,10.8,42,11,16.3,11.4,2.9,4.3,5.1,1.9,6.1,1.6,1.8,1.3,7.6,0.3,0.4,1,7,1.9,4,2.9,2.7,2.3,1.7,2,3.4,10,na,2.4,na,10.8,na,na,na,na,na,na,na,na,na,na,1.6,2.2,2.1,2.1,2.7
  2012 Feb,12.7,1.5,1.6,na,2.2,13.1,14.3,16.3,na,17.8,5.9,na,6.9,na,na,na,na,na,48,6.4,14.8,25.9,25.6,11.9,8.5,16.3,11.1,41.6,10.7,17,11.6,2.8,4.3,5.1,1.9,6.2,1.6,1.8,1.4,7.6,0.3,0.4,1,6.9,1.8,4,2.7,2.5,3.1,1.7,1.9,3.4,10,na,2.3,na,10.8,na,na,na,na,na,na,na,na,na,na,1.5,2.2,2,2,2.5
  2012 Jan,12.7,1.5,1.6,na,2.2,13.5,14.7,16.7,na,17.8,5.9,na,6.8,na,na,na,na,na,48.7,6.9,16.3,30.4,25.5,13.1,8.4,19,11.3,50.2,12.9,21.5,12.2,2.9,4.3,5.1,2,6,1.6,1.8,1.3,7.9,0.3,0.4,1,6.9,1.8,4.2,3.1,2.9,2.5,1.8,1.9,3.3,10,na,2.2,na,10.7,na,na,na,na,na,na,na,na,na,na,1.5,2.1,2,2,2.4
  2011 Dec,12.6,1.5,1.6,na,2.3,12.9,14,16.2,na,17.8,6,na,7,na,na,na,na,na,49,6.5,14.1,24.6,25,12.7,7.9,16.3,10.9,44.5,10.7,17.9,11.3,2.9,4.3,5.1,2,6.1,1.6,1.7,1.3,7.7,0.3,0.4,0.9,6.8,1.8,4.1,3.2,2.8,2,1.8,2,3.4,9.9,na,2.4,na,10.7,na,na,na,na,na,na,na,na,na,na,1.5,2.1,2,1.9,2.3
  2011 Nov,12.5,1.5,1.6,na,2.3,12.7,14,15.9,na,17.8,5.7,na,6.7,na,na,na,na,na,47.8,6.3,14.3,24.4,25.4,12.9,7.8,17.6,10.5,43.7,10.4,16.9,11.1,2.9,4.3,5.1,2,6.1,1.5,1.7,1.4,7.6,0.3,0.4,0.9,6.6,1.8,4.1,3,2.7,2.4,1.8,2,3.4,10,na,2.4,na,10.7,na,na,na,na,na,na,na,na,na,na,1.5,2.1,2,1.9,2.3
  2011 Oct,12.4,1.5,1.6,na,2.3,12.6,13.9,16,na,17.8,5.8,na,6.7,na,na,na,na,na,47.4,6.4,14.7,24.2,26,13.5,7.8,17.4,10.6,44,10.2,17.5,11,2.8,4.3,5,1.9,6.1,1.5,1.7,1.3,7.7,0.3,0.4,0.9,6.5,1.8,4.1,3,2.8,2.2,1.8,1.9,3.4,9.7,na,2.4,na,10.7,na,na,na,na,na,na,na,na,na,na,1.5,2.1,2,1.9,2.3
  2011 Sep,12.4,1.5,1.6,na,2.3,12.6,13.9,16.1,na,17.8,5.8,na,6.8,na,na,na,na,na,47,6.4,15,24.8,25.7,12.9,7.7,17.7,10.7,46.3,10.3,16.9,11,2.8,4.3,5,1.8,6.1,1.5,1.7,1.2,7.7,0.3,0.4,0.9,6.7,1.8,4,2.9,2.6,1.9,1.7,1.9,3.4,9.9,na,2.4,na,10.7,na,na,na,na,na,na,na,na,na,na,1.4,2,2,1.9,2.4
  2011 Aug,12.2,1.5,1.6,na,2.2,12.6,13.9,16.2,na,17.8,5.8,na,6.8,na,na,na,na,na,46.2,6.4,14.8,24,26.2,12.6,7.6,16.8,11,47.3,10.3,17,11.1,2.8,4.2,4.9,1.9,6.1,1.5,1.8,1.2,7.7,0.3,0.4,0.9,6.7,1.8,3.9,2.7,2.5,2.1,1.7,1.9,3.4,10,na,2.4,na,10.7,na,na,na,na,na,na,na,na,na,na,1.5,2,1.9,1.9,2.4
  2011 Jul,12.4,1.5,1.6,na,2.2,12.5,13.9,16,na,17.8,5.8,na,6.6,na,na,na,na,na,46.4,6.3,14.3,23.3,26.5,12.8,7.6,16.7,10.7,47.9,10.4,16.1,11.3,2.8,4.2,4.9,1.9,6,1.6,1.8,1.2,8.1,0.3,0.4,0.9,7,1.8,4,2.7,2.5,2.3,1.7,1.9,3.4,9.8,na,2.3,na,10.7,na,na,na,na,na,na,na,na,na,na,1.5,2,2,1.9,2.4
  2011 Jun,12.3,1.5,1.6,na,2.2,12.7,13.9,16.2,na,17.8,5.8,na,6.7,na,na,na,na,na,46,6,14.3,23.1,26.7,12.5,7.5,16.1,10.3,44.8,10.6,16.4,11.1,2.7,4.2,4.9,1.9,6,1.6,1.7,1.3,8.1,0.4,0.4,0.8,7,1.7,4.2,3,2.8,2.2,1.7,1.9,3.4,9.9,na,2.4,na,10.8,na,na,na,na,na,na,na,na,na,na,1.5,2,1.9,1.9,2.4
  2011 May,12.5,1.5,1.5,na,2.3,12.8,13.8,16.1,na,17.8,5.9,na,6.8,na,na,na,na,na,46.4,5.9,13.6,22.9,26.9,11.5,7.4,16.8,10.2,41.9,10.5,16.4,11.3,2.8,4.2,4.8,1.9,6.1,1.6,1.7,1.2,8.1,0.4,0.4,0.9,6.9,1.8,4,2.8,2.6,2.2,1.7,2,3.4,9.7,na,2.4,na,10.8,na,na,na,na,na,na,na,na,na,na,1.5,2.1,2,1.9,2.4
  2011 Apr,12.5,1.4,1.6,na,2.2,12.8,13.8,16.1,na,17.8,5.9,na,6.9,na,na,na,na,na,46.5,5.9,14.1,22.9,26.8,10.9,7.3,16.2,10.1,41.8,10.3,16.9,11.2,2.8,4.1,4.8,1.9,6,1.6,1.8,1.3,8.2,0.4,0.4,0.9,7.1,1.8,4,2.6,2.5,2.4,1.7,1.9,3.3,9.8,na,2.4,na,10.8,na,na,na,na,na,na,na,na,na,na,1.6,2.1,2,2,2.4
  2011 Mar,12.7,1.4,1.6,na,2.2,12.7,13.8,16.1,na,17.8,5.8,na,6.8,na,na,na,na,na,45.4,5.9,13.9,23.4,25.9,10.9,7.3,16,10,41.3,10.2,16.2,10.8,2.8,4.1,4.7,1.9,6,1.6,1.7,1.3,8.2,0.4,0.4,0.9,7.6,1.8,3.9,2.7,2.6,2.4,1.7,1.9,3.4,9.6,na,2.3,na,10.8,na,na,na,na,na,na,na,na,na,na,1.5,2.1,2,1.9,2.3
  2011 Feb,12.4,1.4,1.6,na,2.2,13.3,14.1,16.5,na,17,5.8,na,6.9,na,na,na,na,na,43.8,5.7,14.4,26.8,26.8,11.3,7.4,16.6,10.2,43.9,10.7,17.4,11.6,2.7,4.1,4.8,1.9,5.9,1.6,1.6,1.3,7.9,0.3,0.4,0.9,7.8,1.8,4.1,2.9,2.7,1.9,1.7,2,3.3,9.6,na,2.3,na,10.7,na,na,na,na,na,na,na,na,na,na,1.4,2,1.9,1.9,2.3
  2011 Jan,12.6,1.4,1.6,na,2.2,13,13.9,16.1,na,16.3,5.7,na,6.8,na,na,na,na,na,43.7,5.9,13.9,26.9,26.3,11.3,7.6,16.7,10.3,44.9,11,17.2,11.2,2.8,4.1,4.8,1.9,5.9,1.5,1.6,1.2,7.6,0.3,0.4,0.9,8,1.8,4,2.8,2.7,2,1.7,1.9,3.4,9.6,na,2.3,na,10.7,na,na,na,na,na,na,na,na,na,na,1.4,2,1.9,1.8,2.3
  2010 Dec,12.6,1.4,1.6,na,2.2,12.6,13.7,15.9,na,16.3,5.7,na,6.7,na,na,na,na,na,42.3,5.7,12.9,22.5,25.8,10.8,7.3,14.8,10.1,39.8,10.2,16.1,9.7,2.8,4.1,4.7,1.9,5.5,1.6,1.6,1.2,7.5,0.3,0.4,0.9,6.9,1.8,4,2.8,2.6,2,1.7,1.9,3.3,9.6,na,2.4,na,10.7,na,na,na,na,na,na,na,na,na,na,1.3,1.9,1.8,1.8,2.2
  2010 Nov,12.7,1.4,1.6,na,2.2,12.6,13.7,15.9,na,16.3,5.7,na,6.6,na,na,na,na,na,41.3,5.8,13.1,22.2,25.6,10.8,7.2,15.9,10.1,42.5,10.2,16,9.6,2.8,4.1,4.8,2,5.5,1.5,1.6,1.2,7.5,0.3,0.4,0.9,7.3,1.8,4.1,2.8,2.7,2.3,1.6,1.9,3.3,9.4,na,2.4,na,10.7,na,na,na,na,na,na,na,na,na,na,1.2,1.8,1.8,1.7,2.2
  2010 Oct,12.7,1.4,1.6,na,2.2,12.7,13.7,15.9,na,16,5.7,na,6.6,na,na,na,na,na,41.3,5.8,13,21.9,25.5,11.1,7.3,15.9,10.1,43.2,10.1,15.9,9.6,2.8,4,4.8,1.9,5.5,1.5,1.6,1.2,7.5,0.4,0.4,0.9,6.9,1.7,4,2.8,2.7,2.1,1.6,1.9,3.3,9,na,2.3,na,10.7,na,na,na,na,na,na,na,na,na,na,1.2,1.8,1.7,1.7,2.2
  2010 Sep,12.3,1.4,1.6,na,2.2,12.6,13.7,15.9,na,15.9,5.6,na,6.6,na,na,na,na,na,40.9,5.8,13.3,22.5,25.6,11,7.3,15.7,10.7,44.6,10,16,10.8,2.8,4,4.8,1.9,5.6,1.5,1.6,1.2,7.6,0.4,0.4,0.8,6.1,1.7,4,2.8,2.6,2,1.6,1.9,3.2,9.3,na,2.3,na,10.7,na,na,na,na,na,na,na,na,na,na,1.2,1.8,1.7,1.7,2.2
  2010 Aug,12.4,1.4,1.6,na,2.1,12.7,13.6,15.7,na,15.3,5.6,na,6.7,na,na,na,na,na,40.7,5.8,13,22.6,25.5,11.1,7.2,15.5,10.3,43.4,9.9,15.7,11.1,2.7,4,4.8,1.9,5.4,1.5,1.6,1.2,7.6,0.4,0.4,0.9,6.1,1.7,4,2.8,2.7,2.1,1.6,1.9,3.2,9.3,na,2.3,na,10.7,na,na,na,na,na,na,na,na,na,na,1.2,1.8,1.7,1.7,2.2
  2010 Jul,12.6,1.4,1.6,na,2.2,12.7,13.6,15.9,na,15.4,5.6,na,6.6,na,na,na,na,na,39.8,5.7,12.8,22.1,25.7,10.7,7.2,15.5,10.2,43.3,9.9,15.6,11.1,2.8,4,4.8,1.8,5.6,1.5,1.6,1.1,7.7,0.4,0.4,0.9,6.4,1.7,4.1,2.9,2.7,1.8,1.6,1.9,3.2,9.1,na,2.3,na,10.7,na,na,na,na,na,na,na,na,na,na,1.2,1.8,1.7,1.7,2.2
  2010 Jun,12.7,1.4,1.6,na,2.2,12.5,13.6,15.9,na,15.3,5.5,na,6.6,na,na,na,na,na,38.6,5.7,12.5,21.2,25.3,10.6,7.2,15.5,10,41.8,10.2,15.9,9.8,2.7,3.9,4.8,1.8,5.5,1.5,1.5,1.1,7.6,0.4,0.4,0.9,7,1.7,4.1,3,2.7,1.8,1.6,1.9,3.2,9.3,na,2.3,na,10.7,na,na,na,na,na,na,na,na,na,na,1.2,1.8,1.7,1.7,2.2
  2010 May,12.6,1.4,1.6,na,2.2,12.7,13.6,16,na,14.6,5.4,na,6.5,na,na,na,na,na,39.3,5.7,12.8,20.7,25.4,10.3,7.2,15.3,10,41.4,10.1,15.9,9.4,2.7,3.9,4.7,1.8,5.5,1.5,1.5,1.2,7.8,0.4,0.4,0.9,7.6,1.7,4.1,2.9,2.6,1.6,1.5,1.9,3.2,9.2,na,2.3,na,10.7,na,na,na,na,na,na,na,na,na,na,1.2,1.9,1.8,1.7,2.1
  2010 Apr,12.6,1.4,1.6,na,2.2,12.7,13.6,15.8,na,14.1,5.4,na,6.5,na,na,na,na,na,39.1,5.7,13.2,20.9,24.9,10.3,7.3,15.3,10.1,41.6,10,15.7,9,2.7,3.8,4.8,1.8,5.6,1.5,1.5,1.1,8,0.4,0.4,1,7.2,1.7,4.1,3,2.8,1.7,1.6,1.9,3.1,9.2,na,2.3,na,10.7,na,na,na,na,na,na,na,na,na,na,1.2,1.9,1.8,1.7,2.1
  2010 Mar,12.3,1.4,1.6,na,2.2,12.7,13.6,15.8,na,14.1,5.4,na,6.5,na,na,na,na,na,38.1,5.6,13.1,19.9,24.2,10.4,7.2,15.3,10,42,9.8,16,8.9,2.8,3.8,4.8,1.8,5.5,1.5,1.5,1.1,7.9,0.4,0.4,1,7.7,1.7,3.9,2.8,2.6,1.9,1.5,1.9,3.1,9.5,na,2.3,na,10.6,na,na,na,na,na,na,na,na,na,na,1.2,1.8,1.7,1.7,2.1
  2010 Feb,11.8,1.4,1.6,na,2.1,12.9,13.8,15.9,na,14.1,5.5,na,6.6,na,na,na,na,na,38.5,5.7,14.4,24.9,24.3,10.6,7.3,15.7,10.4,46.9,10.4,17.8,9.5,2.8,3.8,4.8,1.8,5.6,1.5,1.5,1.2,7.8,0.3,0.4,0.9,6.4,1.8,4,2.7,2.6,2.5,1.5,1.9,3,9.5,na,2.2,na,10.6,na,na,na,na,na,na,na,na,na,na,1.2,1.8,1.7,1.7,2.1
  2010 Jan,12,1.4,1.6,na,2.1,12.6,13.3,15.4,na,14.1,5.4,na,6.6,na,na,na,na,na,37.6,5.6,13,20.9,23.4,10.3,7.1,14.8,10,42.8,9.8,15.3,9.3,2.7,3.8,4.8,1.9,5.4,1.5,1.6,1.2,7.8,0.3,0.4,0.8,6.3,1.7,4,2.7,2.6,2.6,1.5,1.9,3,9.5,na,2.3,na,10.6,na,na,na,na,na,na,na,na,na,na,1.2,1.8,1.7,1.7,2.1
,,,,,,,,,,,,,,,,,,,,,,,,,,,,,,,,,,,,,,,,,,,,,,,,,,,,,,,,,,,,,,,,,,,,,,,,
Footnotes:,,,,,,,,,,,,,,,,,,,,,,,,,,,,,,,,,,,,,,,,,,,,,,,,,,,,,,,,,,,,,,,,,,,,,,,,
"Prices of items starting from January 2019 are based on the 2019-based CPI basket.  While they are indicative of the average transaction price levels in the same base period, they are not a measure of pure price movements across CPI baskets due to changes in the sample of brands/varieties and outlets priced.  For more information on the CPI rebasing, refer to the Information Paper 'Rebasing of the Consumer Price Index (2019 as Base Year)' (https://www.singstat.gov.sg/-/media/files/publications/economy/ip-e48.pdf).",,,,,,,,,,,,,,,,,,,,,,,,,,,,,,,,,,,,,,,,,,,,,,,,,,,,,,,,,,,,,,,,,,,,,,,,
,,,,,,,,,,,,,,,,,,,,,,,,,,,,,,,,,,,,,,,,,,,,,,,,,,,,,,,,,,,,,,,,,,,,,,,,
Notation:,,,,,,,,,,,,,,,,,,,,,,,,,,,,,,,,,,,,,,,,,,,,,,,,,,,,,,,,,,,,,,,,,,,,,,,,
na   not available or not applicable,,,,,,,,,,,,,,,,,,,,,,,,,,,,,,,,,,,,,,,,,,,,,,,,,,,,,,,,,,,,,,,,,,,,,,,,
nec  not elsewhere classified,,,,,,,,,,,,,,,,,,,,,,,,,,,,,,,,,,,,,,,,,,,,,,,,,,,,,,,,,,,,,,,,,,,,,,,,
nes  not elsewhere specified,,,,,,,,,,,,,,,,,,,,,,,,,,,,,,,,,,,,,,,,,,,,,,,,,,,,,,,,,,,,,,,,,,,,,,,,
 -     nil or negligible or not significant,,,,,,,,,,,,,,,,,,,,,,,,,,,,,,,,,,,,,,,,,,,,,,,,,,,,,,,,,,,,,,,,,,,,,,,,
Notes,,,,,,,,,,,,,,,,,,,,,,,,,,,,,,,,,,,,,,,,,,,,,,,,,,,,,,,,,,,,,,,,,,,,,,,,
Numbers may not add up to the totals due to rounding.,,,,,,,,,,,,,,,,,,,,,,,,,,,,,,,,,,,,,,,,,,,,,,,,,,,,,,,,,,,,,,,,,,,,,,,,
"Data are the latest available at the time of access or download. Some statistics, particularly those for the most recent time periods, are provisional and may be subject to revision at a later date.",,,,,,,,,,,,,,,,,,,,,,,,,,,,,,,,,,,,,,,,,,,,,,,,,,,,,,,,,,,,,,,,,,,,,,,,
Values are shown in Singapore dollars (unless otherwise specified).,,,,,,,,,,,,,,,,,,,,,,,,,,,,,,,,,,,,,,,,,,,,,,,,,,,,,,,,,,,,,,,,,,,,,,,,
,,,,,,,,,,,,,,,,,,,,,,,,,,,,,,,,,,,,,,,,,,,,,,,,,,,,,,,,,,,,,,,,,,,,,,,,
Related Information:,,,,,,,,,,,,,,,,,,,,,,,,,,,,,,,,,,,,,,,,,,,,,,,,,,,,,,,,,,,,,,,,,,,,,,,,
Consumer Price Index (CPI) Infographics,,,,,,,,,,,,,,,,,,,,,,,,,,,,,,,,,,,,,,,,,,,,,,,,,,,,,,,,,,,,,,,,,,,,,,,,
Consumer Price Index (CPI) PowerBI Dashboard,,,,,,,,,,,,,,,,,,,,,,,,,,,,,,,,,,,,,,,,,,,,,,,,,,,,,,,,,,,,,,,,,,,,,,,,
FAQ on Consumer Price Index (CPI),,,,,,,,,,,,,,,,,,,,,,,,,,,,,,,,,,,,,,,,,,,,,,,,,,,,,,,,,,,,,,,,,,,,,,,,
Information Paper 'Rebasing of the Consumer Price Index (2019 as Base Year)' ,,,,,,,,,,,,,,,,,,,,,,,,,,,,,,,,,,,,,,,,,,,,,,,,,,,,,,,,,,,,,,,,,,,,,,,,
,,,,,,,,,,,,,,,,,,,,,,,,,,,,,,,,,,,,,,,,,,,,,,,,,,,,,,,,,,,,,,,,,,,,,,,,
Generated by: SingStat Table Builder,,,,,,,,,,,,,,,,,,,,,,,,,,,,,,,,,,,,,,,,,,,,,,,,,,,,,,,,,,,,,,,,,,,,,,,,
Date generated: 16/08/2023,,,,,,,,,,,,,,,,,,,,,,,,,,,,,,,,,,,,,,,,,,,,,,,,,,,,,,,,,,,,,,,,,,,,,,,,
Contact: info@singstat.gov.sg,,,,,,,,,,,,,,,,,,,,,,,,,,,,,,,,,,,,,,,,,,,,,,,,,,,,,,,,,,,,,,,,,,,,,,,,